precinct_id,district_id,party_id,name_ka,votes,vote_share,registered,voted,voted_noon,voted_5pm,turnout_pct,noon_pct,five_pct,invalid_ballots,invalid_pct
79001,79001,unm,გიორგი კირთაძე,27,0.0985,1297,278,96,229,0.2143,0.074,0.1766,4,0.0144
79001,79001,gd,ტიტე აროშიძე,247,0.9015,1297,278,96,229,0.2143,0.074,0.1766,4,0.0144
79002,79002,unm,გიორგი კირთაძე,30,0.1083,1263,283,87,157,0.2241,0.0689,0.1243,6,0.0212
79002,79002,gd,ტიტე აროშიძე,247,0.8917,1263,283,87,157,0.2241,0.0689,0.1243,6,0.0212
79003,79003,unm,გიორგი კირთაძე,26,0.1036,1476,264,64,209,0.1789,0.0434,0.1416,13,0.0492
79003,79003,gd,ტიტე აროშიძე,225,0.8964,1476,264,64,209,0.1789,0.0434,0.1416,13,0.0492
79004,79004,unm,გიორგი კირთაძე,34,0.1298,1448,271,67,207,0.1872,0.0463,0.143,9,0.0332
79004,79004,gd,ტიტე აროშიძე,228,0.8702,1448,271,67,207,0.1872,0.0463,0.143,9,0.0332
79005,79005,unm,გიორგი კირთაძე,23,0.1139,1148,221,63,173,0.1925,0.0549,0.1507,19,0.086
79005,79005,gd,ტიტე აროშიძე,179,0.8861,1148,221,63,173,0.1925,0.0549,0.1507,19,0.086
79006,79006,unm,გიორგი კირთაძე,20,0.0498,1489,420,119,351,0.2821,0.0799,0.2357,17,0.0405
79006,79006,gd,ტიტე აროშიძე,382,0.9502,1489,420,119,351,0.2821,0.0799,0.2357,17,0.0405
79007,79007,unm,გიორგი კირთაძე,22,0.0743,1180,312,88,265,0.2644,0.0746,0.2246,16,0.0513
79007,79007,gd,ტიტე აროშიძე,274,0.9257,1180,312,88,265,0.2644,0.0746,0.2246,16,0.0513
79008,79008,unm,გიორგი კირთაძე,15,0.0549,1162,290,71,226,0.2496,0.0611,0.1945,17,0.0586
79008,79008,gd,ტიტე აროშიძე,258,0.9451,1162,290,71,226,0.2496,0.0611,0.1945,17,0.0586
79009,79009,unm,გიორგი კირთაძე,25,0.0796,1352,329,77,276,0.2433,0.057,0.2041,15,0.0456
79009,79009,gd,ტიტე აროშიძე,289,0.9204,1352,329,77,276,0.2433,0.057,0.2041,15,0.0456
79010,79010,unm,გიორგი კირთაძე,52,0.1212,1639,447,115,374,0.2727,0.0702,0.2282,17,0.038
79010,79010,gd,ტიტე აროშიძე,377,0.8788,1639,447,115,374,0.2727,0.0702,0.2282,17,0.038
79011,79011,unm,გიორგი კირთაძე,37,0.1042,1618,385,117,315,0.2379,0.0723,0.1947,30,0.0779
79011,79011,gd,ტიტე აროშიძე,318,0.8958,1618,385,117,315,0.2379,0.0723,0.1947,30,0.0779
79012,79012,unm,გიორგი კირთაძე,36,0.1091,1633,348,105,291,0.2131,0.0643,0.1782,18,0.0517
79012,79012,gd,ტიტე აროშიძე,294,0.8909,1633,348,105,291,0.2131,0.0643,0.1782,18,0.0517
79013,79013,unm,გიორგი კირთაძე,35,0.086,1615,428,150,350,0.265,0.0929,0.2167,21,0.0491
79013,79013,gd,ტიტე აროშიძე,372,0.914,1615,428,150,350,0.265,0.0929,0.2167,21,0.0491
79014,79014,unm,გიორგი კირთაძე,26,0.0839,1504,331,103,263,0.2201,0.0685,0.1749,21,0.0634
79014,79014,gd,ტიტე აროშიძე,284,0.9161,1504,331,103,263,0.2201,0.0685,0.1749,21,0.0634
79015,79015,unm,გიორგი კირთაძე,52,0.1562,1492,345,123,289,0.2312,0.0824,0.1937,12,0.0348
79015,79015,gd,ტიტე აროშიძე,281,0.8438,1492,345,123,289,0.2312,0.0824,0.1937,12,0.0348
79016,79016,unm,გიორგი კირთაძე,44,0.1125,1630,420,114,343,0.2577,0.0699,0.2104,29,0.069
79016,79016,gd,ტიტე აროშიძე,347,0.8875,1630,420,114,343,0.2577,0.0699,0.2104,29,0.069
79017,79017,unm,გიორგი კირთაძე,25,0.0883,1402,311,91,267,0.2218,0.0649,0.1904,28,0.09
79017,79017,gd,ტიტე აროშიძე,258,0.9117,1402,311,91,267,0.2218,0.0649,0.1904,28,0.09
79018,79018,unm,გიორგი კირთაძე,32,0.0936,1588,362,129,296,0.228,0.0812,0.1864,11,0.0304
79018,79018,gd,ტიტე აროშიძე,310,0.9064,1588,362,129,296,0.228,0.0812,0.1864,11,0.0304
79019,79019,unm,გიორგი კირთაძე,43,0.1458,1636,305,87,246,0.1864,0.0532,0.1504,10,0.0328
79019,79019,gd,ტიტე აროშიძე,252,0.8542,1636,305,87,246,0.1864,0.0532,0.1504,10,0.0328
79020,79020,unm,გიორგი კირთაძე,35,0.1167,1615,317,105,215,0.1963,0.065,0.1331,17,0.0536
79020,79020,gd,ტიტე აროშიძე,265,0.8833,1615,317,105,215,0.1963,0.065,0.1331,17,0.0536
79021,79021,unm,გიორგი კირთაძე,63,0.195,1661,337,110,258,0.2029,0.0662,0.1553,14,0.0415
79021,79021,gd,ტიტე აროშიძე,260,0.805,1661,337,110,258,0.2029,0.0662,0.1553,14,0.0415
79022,79022,unm,გიორგი კირთაძე,47,0.1175,1628,413,132,328,0.2537,0.0811,0.2015,12,0.0291
79022,79022,gd,ტიტე აროშიძე,353,0.8825,1628,413,132,328,0.2537,0.0811,0.2015,12,0.0291
79023,79023,unm,გიორგი კირთაძე,63,0.1591,1658,414,136,357,0.2497,0.082,0.2153,18,0.0435
79023,79023,gd,ტიტე აროშიძე,333,0.8409,1658,414,136,357,0.2497,0.082,0.2153,18,0.0435
79024,79024,unm,გიორგი კირთაძე,44,0.1544,1626,309,70,218,0.19,0.0431,0.1341,24,0.0777
79024,79024,gd,ტიტე აროშიძე,241,0.8456,1626,309,70,218,0.19,0.0431,0.1341,24,0.0777
79025,79025,unm,გიორგი კირთაძე,51,0.1619,1479,334,109,278,0.2258,0.0737,0.188,19,0.0569
79025,79025,gd,ტიტე აროშიძე,264,0.8381,1479,334,109,278,0.2258,0.0737,0.188,19,0.0569
79026,79026,unm,გიორგი კირთაძე,62,0.1818,1596,359,70,284,0.2249,0.0439,0.1779,16,0.0446
79026,79026,gd,ტიტე აროშიძე,279,0.8182,1596,359,70,284,0.2249,0.0439,0.1779,16,0.0446
79027,79027,unm,გიორგი კირთაძე,44,0.1239,1513,381,100,278,0.2518,0.0661,0.1837,15,0.0394
79027,79027,gd,ტიტე აროშიძე,311,0.8761,1513,381,100,278,0.2518,0.0661,0.1837,15,0.0394
79028,79028,unm,გიორგი კირთაძე,42,0.12,1470,379,93,299,0.2578,0.0633,0.2034,27,0.0712
79028,79028,gd,ტიტე აროშიძე,308,0.88,1470,379,93,299,0.2578,0.0633,0.2034,27,0.0712
79029,79029,unm,გიორგი კირთაძე,45,0.1236,1692,387,88,301,0.2287,0.052,0.1779,23,0.0594
79029,79029,gd,ტიტე აროშიძე,319,0.8764,1692,387,88,301,0.2287,0.052,0.1779,23,0.0594
79030,79030,unm,გიორგი კირთაძე,42,0.1002,1581,435,137,350,0.2751,0.0867,0.2214,16,0.0368
79030,79030,gd,ტიტე აროშიძე,377,0.8998,1581,435,137,350,0.2751,0.0867,0.2214,16,0.0368
79031,79031,unm,გიორგი კირთაძე,31,0.1161,1632,285,79,223,0.1746,0.0484,0.1366,18,0.0632
79031,79031,gd,ტიტე აროშიძე,236,0.8839,1632,285,79,223,0.1746,0.0484,0.1366,18,0.0632
79032,79032,unm,გიორგი კირთაძე,38,0.1407,1519,291,79,224,0.1916,0.052,0.1475,21,0.0722
79032,79032,gd,ტიტე აროშიძე,232,0.8593,1519,291,79,224,0.1916,0.052,0.1475,21,0.0722
79033,79033,unm,გიორგი კირთაძე,31,0.108,1590,308,78,257,0.1937,0.0491,0.1616,21,0.0682
79033,79033,gd,ტიტე აროშიძე,256,0.892,1590,308,78,257,0.1937,0.0491,0.1616,21,0.0682
79034,79034,unm,გიორგი კირთაძე,23,0.1009,1536,237,75,190,0.1543,0.0488,0.1237,9,0.038
79034,79034,gd,ტიტე აროშიძე,205,0.8991,1536,237,75,190,0.1543,0.0488,0.1237,9,0.038
79035,79035,unm,გიორგი კირთაძე,39,0.1296,1564,321,99,243,0.2052,0.0633,0.1554,19,0.0592
79035,79035,gd,ტიტე აროშიძე,262,0.8704,1564,321,99,243,0.2052,0.0633,0.1554,19,0.0592
79036,79036,unm,გიორგი კირთაძე,25,0.0871,1407,310,75,239,0.2203,0.0533,0.1699,23,0.0742
79036,79036,gd,ტიტე აროშიძე,262,0.9129,1407,310,75,239,0.2203,0.0533,0.1699,23,0.0742
79037,79037,unm,გიორგი კირთაძე,30,0.0904,1556,343,112,274,0.2204,0.072,0.1761,11,0.0321
79037,79037,gd,ტიტე აროშიძე,302,0.9096,1556,343,112,274,0.2204,0.072,0.1761,11,0.0321
79038,79038,unm,გიორგი კირთაძე,58,0.1394,1629,435,105,336,0.267,0.0645,0.2063,19,0.0437
79038,79038,gd,ტიტე აროშიძე,358,0.8606,1629,435,105,336,0.267,0.0645,0.2063,19,0.0437
79039,79039,unm,გიორგი კირთაძე,23,0.0816,1562,299,80,241,0.1914,0.0512,0.1543,17,0.0569
79039,79039,gd,ტიტე აროშიძე,259,0.9184,1562,299,80,241,0.1914,0.0512,0.1543,17,0.0569
79040,79040,unm,გიორგი კირთაძე,44,0.1114,1547,420,112,343,0.2715,0.0724,0.2217,24,0.0571
79040,79040,gd,ტიტე აროშიძე,351,0.8886,1547,420,112,343,0.2715,0.0724,0.2217,24,0.0571
79041,79041,unm,გიორგი კირთაძე,38,0.1114,1228,353,120,308,0.2875,0.0977,0.2508,12,0.034
79041,79041,gd,ტიტე აროშიძე,303,0.8886,1228,353,120,308,0.2875,0.0977,0.2508,12,0.034
79042,79042,unm,გიორგი კირთაძე,44,0.1467,1601,322,93,262,0.2011,0.0581,0.1636,22,0.0683
79042,79042,gd,ტიტე აროშიძე,256,0.8533,1601,322,93,262,0.2011,0.0581,0.1636,22,0.0683
79043,79043,unm,გიორგი კირთაძე,42,0.1429,1222,312,109,260,0.2553,0.0892,0.2128,18,0.0577
79043,79043,gd,ტიტე აროშიძე,252,0.8571,1222,312,109,260,0.2553,0.0892,0.2128,18,0.0577
79044,79044,unm,გიორგი კირთაძე,48,0.1228,1588,403,100,312,0.2538,0.063,0.1965,12,0.0298
79044,79044,gd,ტიტე აროშიძე,343,0.8772,1588,403,100,312,0.2538,0.063,0.1965,12,0.0298
79045,79045,unm,გიორგი კირთაძე,48,0.1472,1410,342,99,272,0.2426,0.0702,0.1929,16,0.0468
79045,79045,gd,ტიტე აროშიძე,278,0.8528,1410,342,99,272,0.2426,0.0702,0.1929,16,0.0468
79046,79046,unm,გიორგი კირთაძე,29,0.0773,1657,383,125,331,0.2311,0.0754,0.1998,8,0.0209
79046,79046,gd,ტიტე აროშიძე,346,0.9227,1657,383,125,331,0.2311,0.0754,0.1998,8,0.0209
79047,79047,unm,გიორგი კირთაძე,28,0.0889,1696,327,109,269,0.1928,0.0643,0.1586,12,0.0367
79047,79047,gd,ტიტე აროშიძე,287,0.9111,1696,327,109,269,0.1928,0.0643,0.1586,12,0.0367
79048,79048,unm,გიორგი კირთაძე,23,0.0895,1519,270,87,228,0.1777,0.0573,0.1501,13,0.0481
79048,79048,gd,ტიტე აროშიძე,234,0.9105,1519,270,87,228,0.1777,0.0573,0.1501,13,0.0481
79049,79049,unm,გიორგი კირთაძე,27,0.0808,1531,350,110,276,0.2286,0.0718,0.1803,16,0.0457
79049,79049,gd,ტიტე აროშიძე,307,0.9192,1531,350,110,276,0.2286,0.0718,0.1803,16,0.0457
79050,79050,unm,გიორგი კირთაძე,73,0.1759,1622,428,103,316,0.2639,0.0635,0.1948,13,0.0304
79050,79050,gd,ტიტე აროშიძე,342,0.8241,1622,428,103,316,0.2639,0.0635,0.1948,13,0.0304
79051,79051,unm,გიორგი კირთაძე,28,0.1033,1368,285,74,234,0.2083,0.0541,0.1711,14,0.0491
79051,79051,gd,ტიტე აროშიძე,243,0.8967,1368,285,74,234,0.2083,0.0541,0.1711,14,0.0491
79052,79052,unm,გიორგი კირთაძე,18,0.0489,1561,390,110,340,0.2498,0.0705,0.2178,22,0.0564
79052,79052,gd,ტიტე აროშიძე,350,0.9511,1561,390,110,340,0.2498,0.0705,0.2178,22,0.0564
79053,79053,unm,გიორგი კირთაძე,24,0.0757,1510,338,88,279,0.2238,0.0583,0.1848,21,0.0621
79053,79053,gd,ტიტე აროშიძე,293,0.9243,1510,338,88,279,0.2238,0.0583,0.1848,21,0.0621
79054,79054,unm,გიორგი კირთაძე,25,0.0842,1405,313,85,258,0.2228,0.0605,0.1836,16,0.0511
79054,79054,gd,ტიტე აროშიძე,272,0.9158,1405,313,85,258,0.2228,0.0605,0.1836,16,0.0511
79055,79055,unm,გიორგი კირთაძე,44,0.1415,1484,318,91,254,0.2143,0.0613,0.1712,7,0.022
79055,79055,gd,ტიტე აროშიძე,267,0.8585,1484,318,91,254,0.2143,0.0613,0.1712,7,0.022
79056,79056,unm,გიორგი კირთაძე,35,0.1094,1521,337,104,261,0.2216,0.0684,0.1716,17,0.0504
79056,79056,gd,ტიტე აროშიძე,285,0.8906,1521,337,104,261,0.2216,0.0684,0.1716,17,0.0504
79057,79057,unm,გიორგი კირთაძე,56,0.1652,1587,352,98,290,0.2218,0.0618,0.1827,13,0.0369
79057,79057,gd,ტიტე აროშიძე,283,0.8348,1587,352,98,290,0.2218,0.0618,0.1827,13,0.0369
79058,79058,unm,გიორგი კირთაძე,55,0.1603,1612,366,123,276,0.227,0.0763,0.1712,23,0.0628
79058,79058,gd,ტიტე აროშიძე,288,0.8397,1612,366,123,276,0.227,0.0763,0.1712,23,0.0628
79059,79059,unm,გიორგი კირთაძე,20,0.0775,1440,273,83,200,0.1896,0.0576,0.1389,15,0.0549
79059,79059,gd,ტიტე აროშიძე,238,0.9225,1440,273,83,200,0.1896,0.0576,0.1389,15,0.0549
79060,79060,unm,გიორგი კირთაძე,29,0.0836,1573,360,117,292,0.2289,0.0744,0.1856,13,0.0361
79060,79060,gd,ტიტე აროშიძე,318,0.9164,1573,360,117,292,0.2289,0.0744,0.1856,13,0.0361
79061,79061,unm,გიორგი კირთაძე,51,0.1747,1316,308,104,245,0.234,0.079,0.1862,16,0.0519
79061,79061,gd,ტიტე აროშიძე,241,0.8253,1316,308,104,245,0.234,0.079,0.1862,16,0.0519
79062,79062,unm,გიორგი კირთაძე,51,0.1614,1475,329,65,245,0.2231,0.0441,0.1661,13,0.0395
79062,79062,gd,ტიტე აროშიძე,265,0.8386,1475,329,65,245,0.2231,0.0441,0.1661,13,0.0395
79063,79063,unm,გიორგი კირთაძე,42,0.1047,1484,424,105,340,0.2857,0.0708,0.2291,23,0.0542
79063,79063,gd,ტიტე აროშიძე,359,0.8953,1484,424,105,340,0.2857,0.0708,0.2291,23,0.0542
79064,79064,unm,გიორგი კირთაძე,18,0.0627,1592,293,61,210,0.184,0.0383,0.1319,6,0.0205
79064,79064,gd,ტიტე აროშიძე,269,0.9373,1592,293,61,210,0.184,0.0383,0.1319,6,0.0205
79065,79065,unm,გიორგი კირთაძე,24,0.0672,1582,386,120,314,0.244,0.0759,0.1985,29,0.0751
79065,79065,gd,ტიტე აროშიძე,333,0.9328,1582,386,120,314,0.244,0.0759,0.1985,29,0.0751
79066,79066,unm,გიორგი კირთაძე,22,0.0777,1164,291,66,242,0.25,0.0567,0.2079,8,0.0275
79066,79066,gd,ტიტე აროშიძე,261,0.9223,1164,291,66,242,0.25,0.0567,0.2079,8,0.0275
79067,79067,unm,გიორგი კირთაძე,61,0.1704,1662,373,152,318,0.2244,0.0915,0.1913,15,0.0402
79067,79067,gd,ტიტე აროშიძე,297,0.8296,1662,373,152,318,0.2244,0.0915,0.1913,15,0.0402
79068,79068,unm,გიორგი კირთაძე,19,0.0681,1363,287,80,227,0.2106,0.0587,0.1665,8,0.0279
79068,79068,gd,ტიტე აროშიძე,260,0.9319,1363,287,80,227,0.2106,0.0587,0.1665,8,0.0279
79069,79069,unm,გიორგი კირთაძე,52,0.1716,1316,319,91,261,0.2424,0.0691,0.1983,16,0.0502
79069,79069,gd,ტიტე აროშიძე,251,0.8284,1316,319,91,261,0.2424,0.0691,0.1983,16,0.0502
79070,79070,unm,გიორგი კირთაძე,12,0.071,740,173,54,145,0.2338,0.073,0.1959,4,0.0231
79070,79070,gd,ტიტე აროშიძე,157,0.929,740,173,54,145,0.2338,0.073,0.1959,4,0.0231
79071,79071,unm,გიორგი კირთაძე,32,0.1168,1054,289,90,224,0.2742,0.0854,0.2125,14,0.0484
79071,79071,gd,ტიტე აროშიძე,242,0.8832,1054,289,90,224,0.2742,0.0854,0.2125,14,0.0484
79072,79072,unm,გიორგი კირთაძე,27,0.1098,1182,259,93,219,0.2191,0.0787,0.1853,13,0.0502
79072,79072,gd,ტიტე აროშიძე,219,0.8902,1182,259,93,219,0.2191,0.0787,0.1853,13,0.0502
79073,79073,unm,გიორგი კირთაძე,46,0.1377,1599,353,76,276,0.2208,0.0475,0.1726,18,0.051
79073,79073,gd,ტიტე აროშიძე,288,0.8623,1599,353,76,276,0.2208,0.0475,0.1726,18,0.051
79074,79074,unm,გიორგი კირთაძე,15,0.0754,1153,203,64,170,0.1761,0.0555,0.1474,4,0.0197
79074,79074,gd,ტიტე აროშიძე,184,0.9246,1153,203,64,170,0.1761,0.0555,0.1474,4,0.0197
79075,79075,unm,გიორგი კირთაძე,39,0.1262,1310,322,70,230,0.2458,0.0534,0.1756,13,0.0404
79075,79075,gd,ტიტე აროშიძე,270,0.8738,1310,322,70,230,0.2458,0.0534,0.1756,13,0.0404
79076,79076,unm,გიორგი კირთაძე,59,0.1715,1666,360,125,297,0.2161,0.075,0.1783,16,0.0444
79076,79076,gd,ტიტე აროშიძე,285,0.8285,1666,360,125,297,0.2161,0.075,0.1783,16,0.0444
79077,79077,unm,გიორგი კირთაძე,42,0.1203,1356,367,135,285,0.2706,0.0996,0.2102,18,0.049
79077,79077,gd,ტიტე აროშიძე,307,0.8797,1356,367,135,285,0.2706,0.0996,0.2102,18,0.049
79078,79078,unm,გიორგი კირთაძე,45,0.1335,1084,348,114,275,0.321,0.1052,0.2537,10,0.0287
79078,79078,gd,ტიტე აროშიძე,292,0.8665,1084,348,114,275,0.321,0.1052,0.2537,10,0.0287
79079,79079,unm,გიორგი კირთაძე,39,0.0942,1332,422,83,317,0.3168,0.0623,0.238,8,0.019
79079,79079,gd,ტიტე აროშიძე,375,0.9058,1332,422,83,317,0.3168,0.0623,0.238,8,0.019
79081,79081,unm,გიორგი კირთაძე,31,0.0951,1197,342,93,278,0.2857,0.0777,0.2322,15,0.0439
79081,79081,gd,ტიტე აროშიძე,295,0.9049,1197,342,93,278,0.2857,0.0777,0.2322,15,0.0439
79082,79082,unm,გიორგი კირთაძე,11,0.0545,686,213,49,157,0.3105,0.0714,0.2289,11,0.0516
79082,79082,gd,ტიტე აროშიძე,191,0.9455,686,213,49,157,0.3105,0.0714,0.2289,11,0.0516
79083,79083,unm,გიორგი კირთაძე,16,0.0571,884,292,86,247,0.3303,0.0973,0.2794,12,0.0411
79083,79083,gd,ტიტე აროშიძე,264,0.9429,884,292,86,247,0.3303,0.0973,0.2794,12,0.0411
79084,79084,unm,გიორგი კირთაძე,15,0.0673,1042,231,72,189,0.2217,0.0691,0.1814,6,0.026
79084,79084,gd,ტიტე აროშიძე,208,0.9327,1042,231,72,189,0.2217,0.0691,0.1814,6,0.026
79085,79085,unm,გიორგი კირთაძე,60,0.16,1394,400,135,328,0.2869,0.0968,0.2353,25,0.0625
79085,79085,gd,ტიტე აროშიძე,315,0.84,1394,400,135,328,0.2869,0.0968,0.2353,25,0.0625
79086,79086,unm,გიორგი კირთაძე,57,0.1815,1067,327,80,255,0.3065,0.075,0.239,13,0.0398
79086,79086,gd,ტიტე აროშიძე,257,0.8185,1067,327,80,255,0.3065,0.075,0.239,13,0.0398
79087,79087,unm,გიორგი კირთაძე,100,0.2451,1553,436,111,336,0.2807,0.0715,0.2164,28,0.0642
79087,79087,gd,ტიტე აროშიძე,308,0.7549,1553,436,111,336,0.2807,0.0715,0.2164,28,0.0642
79088,79088,unm,გიორგი კირთაძე,41,0.1054,1412,401,100,274,0.284,0.0708,0.1941,12,0.0299
79088,79088,gd,ტიტე აროშიძე,348,0.8946,1412,401,100,274,0.284,0.0708,0.1941,12,0.0299
79089,79089,unm,გიორგი კირთაძე,43,0.1135,1528,389,150,282,0.2546,0.0982,0.1846,10,0.0257
79089,79089,gd,ტიტე აროშიძე,336,0.8865,1528,389,150,282,0.2546,0.0982,0.1846,10,0.0257
79090,79090,unm,გიორგი კირთაძე,38,0.1173,1345,338,88,217,0.2513,0.0654,0.1613,14,0.0414
79090,79090,gd,ტიტე აროშიძე,286,0.8827,1345,338,88,217,0.2513,0.0654,0.1613,14,0.0414
79091,79091,unm,გიორგი კირთაძე,46,0.1048,1448,443,145,323,0.3059,0.1001,0.2231,3,0.0068
79091,79091,gd,ტიტე აროშიძე,393,0.8952,1448,443,145,323,0.3059,0.1001,0.2231,3,0.0068
79092,79092,unm,გიორგი კირთაძე,81,0.1429,1561,589,205,480,0.3773,0.1313,0.3075,22,0.0374
79092,79092,gd,ტიტე აროშიძე,486,0.8571,1561,589,205,480,0.3773,0.1313,0.3075,22,0.0374
79093,79093,unm,გიორგი კირთაძე,53,0.1688,991,321,88,249,0.3239,0.0888,0.2513,7,0.0218
79093,79093,gd,ტიტე აროშიძე,261,0.8312,991,321,88,249,0.3239,0.0888,0.2513,7,0.0218
79094,79094,unm,გიორგი კირთაძე,87,0.1879,1532,483,138,367,0.3153,0.0901,0.2396,20,0.0414
79094,79094,gd,ტიტე აროშიძე,376,0.8121,1532,483,138,367,0.3153,0.0901,0.2396,20,0.0414
79095,79095,unm,გიორგი კირთაძე,59,0.1366,1564,445,155,374,0.2845,0.0991,0.2391,13,0.0292
79095,79095,gd,ტიტე აროშიძე,373,0.8634,1564,445,155,374,0.2845,0.0991,0.2391,13,0.0292
79096,79096,unm,გიორგი კირთაძე,91,0.158,1633,606,183,461,0.3711,0.1121,0.2823,30,0.0495
79096,79096,gd,ტიტე აროშიძე,485,0.842,1633,606,183,461,0.3711,0.1121,0.2823,30,0.0495
79097,79097,unm,გიორგი კირთაძე,24,0.0643,1471,386,98,276,0.2624,0.0666,0.1876,13,0.0337
79097,79097,gd,ტიტე აროშიძე,349,0.9357,1471,386,98,276,0.2624,0.0666,0.1876,13,0.0337
79098,79098,unm,გიორგი კირთაძე,40,0.1146,1369,369,110,313,0.2695,0.0804,0.2286,20,0.0542
79098,79098,gd,ტიტე აროშიძე,309,0.8854,1369,369,110,313,0.2695,0.0804,0.2286,20,0.0542
79099,79099,unm,გიორგი კირთაძე,41,0.1105,1480,387,108,303,0.2615,0.073,0.2047,13,0.0336
79099,79099,gd,ტიტე აროშიძე,330,0.8895,1480,387,108,303,0.2615,0.073,0.2047,13,0.0336
79100,79100,unm,გიორგი კირთაძე,18,0.0514,806,353,100,265,0.438,0.1241,0.3288,3,0.0085
79100,79100,gd,ტიტე აროშიძე,332,0.9486,806,353,100,265,0.438,0.1241,0.3288,3,0.0085
79101,79101,unm,გიორგი კირთაძე,29,0.1272,994,230,61,177,0.2314,0.0614,0.1781,2,0.0087
79101,79101,gd,ტიტე აროშიძე,199,0.8728,994,230,61,177,0.2314,0.0614,0.1781,2,0.0087
79102,79102,unm,გიორგი კირთაძე,16,0.097,1476,171,47,153,0.1159,0.0318,0.1037,6,0.0351
79102,79102,gd,ტიტე აროშიძე,149,0.903,1476,171,47,153,0.1159,0.0318,0.1037,6,0.0351
79103,79103,unm,გიორგი კირთაძე,63,0.1975,1669,337,85,270,0.2019,0.0509,0.1618,18,0.0534
79103,79103,gd,ტიტე აროშიძე,256,0.8025,1669,337,85,270,0.2019,0.0509,0.1618,18,0.0534
79104,79104,unm,გიორგი კირთაძე,51,0.1478,1624,374,119,303,0.2303,0.0733,0.1866,28,0.0749
79104,79104,gd,ტიტე აროშიძე,294,0.8522,1624,374,119,303,0.2303,0.0733,0.1866,28,0.0749
79105,79105,unm,გიორგი კირთაძე,1,0.2,14,10,6,10,0.7143,0.4286,0.7143,0,0
79105,79105,gd,ტიტე აროშიძე,4,0.8,14,10,6,10,0.7143,0.4286,0.7143,0,0
79106,79106,unm,გიორგი კირთაძე,4,0.129,38,31,10,30,0.8158,0.2632,0.7895,0,0
79106,79106,gd,ტიტე აროშიძე,27,0.871,38,31,10,30,0.8158,0.2632,0.7895,0,0
79107,79107,unm,გიორგი კირთაძე,7,0.3333,44,21,15,21,0.4773,0.3409,0.4773,0,0
79107,79107,gd,ტიტე აროშიძე,14,0.6667,44,21,15,21,0.4773,0.3409,0.4773,0,0
79108,79108,unm,გიორგი კირთაძე,3,0.25,25,12,10,12,0.48,0.4,0.48,0,0
79108,79108,gd,ტიტე აროშიძე,9,0.75,25,12,10,12,0.48,0.4,0.48,0,0
79109,79109,unm,გიორგი კირთაძე,4,0.2353,22,18,15,18,0.8182,0.6818,0.8182,1,0.0556
79109,79109,gd,ტიტე აროშიძე,13,0.7647,22,18,15,18,0.8182,0.6818,0.8182,1,0.0556
79110,79110,unm,გიორგი კირთაძე,4,0.2105,69,20,14,20,0.2899,0.2029,0.2899,1,0.05
79110,79110,gd,ტიტე აროშიძე,15,0.7895,69,20,14,20,0.2899,0.2029,0.2899,1,0.05
79111,79111,unm,გიორგი კირთაძე,8,0.2759,132,31,6,27,0.2348,0.0455,0.2045,2,0.0645
79111,79111,gd,ტიტე აროშიძე,21,0.7241,132,31,6,27,0.2348,0.0455,0.2045,2,0.0645
79112,79112,unm,გიორგი კირთაძე,5,0.1613,60,33,10,33,0.55,0.1667,0.55,2,0.0606
79112,79112,gd,ტიტე აროშიძე,26,0.8387,60,33,10,33,0.55,0.1667,0.55,2,0.0606
79113,79113,unm,გიორგი კირთაძე,1,0.0714,129,14,14,14,0.1085,0.1085,0.1085,0,0
79113,79113,gd,ტიტე აროშიძე,13,0.9286,129,14,14,14,0.1085,0.1085,0.1085,0,0
79114,79114,unm,გიორგი კირთაძე,4,0.3636,145,11,6,10,0.0759,0.0414,0.069,0,0
79114,79114,gd,ტიტე აროშიძე,7,0.6364,145,11,6,10,0.0759,0.0414,0.069,0,0
79115,79115,unm,გიორგი კირთაძე,5,0.3333,45,15,9,15,0.3333,0.2,0.3333,0,0
79115,79115,gd,ტიტე აროშიძე,10,0.6667,45,15,9,15,0.3333,0.2,0.3333,0,0
79116,79116,unm,გიორგი კირთაძე,12,0.1644,175,74,38,62,0.4229,0.2171,0.3543,1,0.0135
79116,79116,gd,ტიტე აროშიძე,61,0.8356,175,74,38,62,0.4229,0.2171,0.3543,1,0.0135
79117,79117,unm,გიორგი კირთაძე,8,0.1039,95,78,14,78,0.8211,0.1474,0.8211,1,0.0128
79117,79117,gd,ტიტე აროშიძე,69,0.8961,95,78,14,78,0.8211,0.1474,0.8211,1,0.0128
79118,79118,unm,გიორგი კირთაძე,17,0.2656,154,70,4,70,0.4545,0.026,0.4545,6,0.0857
79118,79118,gd,ტიტე აროშიძე,47,0.7344,154,70,4,70,0.4545,0.026,0.4545,6,0.0857
79119,79119,unm,გიორგი კირთაძე,4,0.1212,197,33,26,32,0.1675,0.132,0.1624,0,0
79119,79119,gd,ტიტე აროშიძე,29,0.8788,197,33,26,32,0.1675,0.132,0.1624,0,0
79120,79120,unm,გიორგი კირთაძე,3,0.4286,10,7,7,7,0.7,0.7,0.7,0,0
79120,79120,gd,ტიტე აროშიძე,4,0.5714,10,7,7,7,0.7,0.7,0.7,0,0
79121,79121,gd,ტიტე აროშიძე,5,1,15,6,6,6,0.4,0.4,0.4,1,0.1667
80001,80001,unm,გია აბულაძე,65,0.1178,1329,585,160,479,0.4402,0.1204,0.3604,33,0.0564
80001,80001,gd,ფრიდონ ფუტკარაძე,487,0.8822,1329,585,160,479,0.4402,0.1204,0.3604,33,0.0564
80002,80002,unm,გია აბულაძე,46,0.1318,865,373,115,320,0.4312,0.1329,0.3699,23,0.0617
80002,80002,gd,ფრიდონ ფუტკარაძე,303,0.8682,865,373,115,320,0.4312,0.1329,0.3699,23,0.0617
80003,80003,unm,გია აბულაძე,19,0.1038,302,193,48,139,0.6391,0.1589,0.4603,10,0.0518
80003,80003,gd,ფრიდონ ფუტკარაძე,164,0.8962,302,193,48,139,0.6391,0.1589,0.4603,10,0.0518
80004,80004,unm,გია აბულაძე,27,0.1071,501,267,56,212,0.5329,0.1118,0.4232,15,0.0562
80004,80004,gd,ფრიდონ ფუტკარაძე,225,0.8929,501,267,56,212,0.5329,0.1118,0.4232,15,0.0562
80005,80005,unm,გია აბულაძე,14,0.0946,274,150,40,111,0.5474,0.146,0.4051,2,0.0133
80005,80005,gd,ფრიდონ ფუტკარაძე,134,0.9054,274,150,40,111,0.5474,0.146,0.4051,2,0.0133
80006,80006,unm,გია აბულაძე,37,0.2056,420,189,74,167,0.45,0.1762,0.3976,8,0.0423
80006,80006,gd,ფრიდონ ფუტკარაძე,143,0.7944,420,189,74,167,0.45,0.1762,0.3976,8,0.0423
80007,80007,unm,გია აბულაძე,5,0.0336,322,152,39,120,0.472,0.1211,0.3727,3,0.0197
80007,80007,gd,ფრიდონ ფუტკარაძე,144,0.9664,322,152,39,120,0.472,0.1211,0.3727,3,0.0197
80008,80008,unm,გია აბულაძე,8,0.0588,324,146,35,105,0.4506,0.108,0.3241,10,0.0685
80008,80008,gd,ფრიდონ ფუტკარაძე,128,0.9412,324,146,35,105,0.4506,0.108,0.3241,10,0.0685
80009,80009,unm,გია აბულაძე,20,0.1316,304,160,36,131,0.5263,0.1184,0.4309,8,0.05
80009,80009,gd,ფრიდონ ფუტკარაძე,132,0.8684,304,160,36,131,0.5263,0.1184,0.4309,8,0.05
80010,80010,unm,გია აბულაძე,42,0.1484,573,293,57,175,0.5113,0.0995,0.3054,10,0.0341
80010,80010,gd,ფრიდონ ფუტკარაძე,241,0.8516,573,293,57,175,0.5113,0.0995,0.3054,10,0.0341
80011,80011,unm,გია აბულაძე,12,0.0583,363,214,56,173,0.5895,0.1543,0.4766,8,0.0374
80011,80011,gd,ფრიდონ ფუტკარაძე,194,0.9417,363,214,56,173,0.5895,0.1543,0.4766,8,0.0374
80012,80012,unm,გია აბულაძე,21,0.0802,419,269,60,203,0.642,0.1432,0.4845,7,0.026
80012,80012,gd,ფრიდონ ფუტკარაძე,241,0.9198,419,269,60,203,0.642,0.1432,0.4845,7,0.026
80013,80013,unm,გია აბულაძე,6,0.0191,456,315,90,244,0.6908,0.1974,0.5351,1,0.0032
80013,80013,gd,ფრიდონ ფუტკარაძე,308,0.9809,456,315,90,244,0.6908,0.1974,0.5351,1,0.0032
80014,80014,unm,გია აბულაძე,55,0.1447,682,395,113,325,0.5792,0.1657,0.4765,15,0.038
80014,80014,gd,ფრიდონ ფუტკარაძე,325,0.8553,682,395,113,325,0.5792,0.1657,0.4765,15,0.038
80015,80015,unm,გია აბულაძე,9,0.0425,588,217,50,172,0.369,0.085,0.2925,5,0.023
80015,80015,gd,ფრიდონ ფუტკარაძე,203,0.9575,588,217,50,172,0.369,0.085,0.2925,5,0.023
80016,80016,unm,გია აბულაძე,28,0.0878,756,321,64,259,0.4246,0.0847,0.3426,2,0.0062
80016,80016,gd,ფრიდონ ფუტკარაძე,291,0.9122,756,321,64,259,0.4246,0.0847,0.3426,2,0.0062
80017,80017,unm,გია აბულაძე,7,0.0232,558,309,115,259,0.5538,0.2061,0.4642,7,0.0227
80017,80017,gd,ფრიდონ ფუტკარაძე,295,0.9768,558,309,115,259,0.5538,0.2061,0.4642,7,0.0227
80018,80018,unm,გია აბულაძე,11,0.0238,858,473,165,335,0.5513,0.1923,0.3904,10,0.0211
80018,80018,gd,ფრიდონ ფუტკარაძე,452,0.9762,858,473,165,335,0.5513,0.1923,0.3904,10,0.0211
80019,80019,unm,გია აბულაძე,7,0.0543,187,133,20,78,0.7112,0.107,0.4171,4,0.0301
80019,80019,gd,ფრიდონ ფუტკარაძე,122,0.9457,187,133,20,78,0.7112,0.107,0.4171,4,0.0301
80020,80020,unm,გია აბულაძე,36,0.1469,502,256,74,208,0.51,0.1474,0.4143,11,0.043
80020,80020,gd,ფრიდონ ფუტკარაძე,209,0.8531,502,256,74,208,0.51,0.1474,0.4143,11,0.043
80021,80021,unm,გია აბულაძე,9,0.0563,268,162,42,140,0.6045,0.1567,0.5224,2,0.0123
80021,80021,gd,ფრიდონ ფუტკარაძე,151,0.9438,268,162,42,140,0.6045,0.1567,0.5224,2,0.0123
80022,80022,unm,გია აბულაძე,37,0.1131,489,341,81,311,0.6973,0.1656,0.636,14,0.0411
80022,80022,gd,ფრიდონ ფუტკარაძე,290,0.8869,489,341,81,311,0.6973,0.1656,0.636,14,0.0411
80023,80023,unm,გია აბულაძე,19,0.083,444,240,57,200,0.5405,0.1284,0.4505,11,0.0458
80023,80023,gd,ფრიდონ ფუტკარაძე,210,0.917,444,240,57,200,0.5405,0.1284,0.4505,11,0.0458
80024,80024,unm,გია აბულაძე,4,0.0342,218,120,46,106,0.5505,0.211,0.4862,3,0.025
80024,80024,gd,ფრიდონ ფუტკარაძე,113,0.9658,218,120,46,106,0.5505,0.211,0.4862,3,0.025
80025,80025,unm,გია აბულაძე,28,0.0972,534,298,70,194,0.5581,0.1311,0.3633,9,0.0302
80025,80025,gd,ფრიდონ ფუტკარაძე,260,0.9028,534,298,70,194,0.5581,0.1311,0.3633,9,0.0302
80026,80026,unm,გია აბულაძე,29,0.1151,516,260,41,171,0.5039,0.0795,0.3314,8,0.0308
80026,80026,gd,ფრიდონ ფუტკარაძე,223,0.8849,516,260,41,171,0.5039,0.0795,0.3314,8,0.0308
80027,80027,unm,გია აბულაძე,18,0.0692,537,265,54,204,0.4935,0.1006,0.3799,5,0.0189
80027,80027,gd,ფრიდონ ფუტკარაძე,242,0.9308,537,265,54,204,0.4935,0.1006,0.3799,5,0.0189
80028,80028,unm,გია აბულაძე,16,0.0542,405,295,35,236,0.7284,0.0864,0.5827,0,0
80028,80028,gd,ფრიდონ ფუტკარაძე,279,0.9458,405,295,35,236,0.7284,0.0864,0.5827,0,0
80029,80029,unm,გია აბულაძე,27,0.0643,897,439,110,301,0.4894,0.1226,0.3356,19,0.0433
80029,80029,gd,ფრიდონ ფუტკარაძე,393,0.9357,897,439,110,301,0.4894,0.1226,0.3356,19,0.0433
80030,80030,unm,გია აბულაძე,5,0.0272,329,185,37,156,0.5623,0.1125,0.4742,1,0.0054
80030,80030,gd,ფრიდონ ფუტკარაძე,179,0.9728,329,185,37,156,0.5623,0.1125,0.4742,1,0.0054
80031,80031,unm,გია აბულაძე,25,0.0965,528,270,50,192,0.5114,0.0947,0.3636,11,0.0407
80031,80031,gd,ფრიდონ ფუტკარაძე,234,0.9035,528,270,50,192,0.5114,0.0947,0.3636,11,0.0407
80032,80032,gd,ფრიდონ ფუტკარაძე,12,1,13,12,5,12,0.9231,0.3846,0.9231,0,0
82001,82001,unm,გია აბულაძე,20,0.057,764,364,102,298,0.4764,0.1335,0.3901,13,0.0357
82001,82001,gd,ფრიდონ ფუტკარაძე,331,0.943,764,364,102,298,0.4764,0.1335,0.3901,13,0.0357
82002,82002,unm,გია აბულაძე,4,0.0408,217,103,21,87,0.4747,0.0968,0.4009,5,0.0485
82002,82002,gd,ფრიდონ ფუტკარაძე,94,0.9592,217,103,21,87,0.4747,0.0968,0.4009,5,0.0485
82003,82003,unm,გია აბულაძე,21,0.1826,318,125,37,88,0.3931,0.1164,0.2767,10,0.08
82003,82003,gd,ფრიდონ ფუტკარაძე,94,0.8174,318,125,37,88,0.3931,0.1164,0.2767,10,0.08
82004,82004,unm,გია აბულაძე,12,0.071,434,178,35,145,0.4101,0.0806,0.3341,9,0.0506
82004,82004,gd,ფრიდონ ფუტკარაძე,157,0.929,434,178,35,145,0.4101,0.0806,0.3341,9,0.0506
82005,82005,unm,გია აბულაძე,21,0.1173,474,188,35,153,0.3966,0.0738,0.3228,9,0.0479
82005,82005,gd,ფრიდონ ფუტკარაძე,158,0.8827,474,188,35,153,0.3966,0.0738,0.3228,9,0.0479
82006,82006,unm,გია აბულაძე,8,0.0696,382,119,23,91,0.3115,0.0602,0.2382,4,0.0336
82006,82006,gd,ფრიდონ ფუტკარაძე,107,0.9304,382,119,23,91,0.3115,0.0602,0.2382,4,0.0336
82007,82007,unm,გია აბულაძე,2,0.029,179,71,22,62,0.3966,0.1229,0.3464,2,0.0282
82007,82007,gd,ფრიდონ ფუტკარაძე,67,0.971,179,71,22,62,0.3966,0.1229,0.3464,2,0.0282
82008,82008,unm,გია აბულაძე,3,0.0732,115,43,12,40,0.3739,0.1043,0.3478,2,0.0465
82008,82008,gd,ფრიდონ ფუტკარაძე,38,0.9268,115,43,12,40,0.3739,0.1043,0.3478,2,0.0465
82009,82009,unm,გია აბულაძე,10,0.0662,338,157,33,107,0.4645,0.0976,0.3166,6,0.0382
82009,82009,gd,ფრიდონ ფუტკარაძე,141,0.9338,338,157,33,107,0.4645,0.0976,0.3166,6,0.0382
82010,82010,unm,გია აბულაძე,12,0.0732,345,176,35,130,0.5101,0.1014,0.3768,12,0.0682
82010,82010,gd,ფრიდონ ფუტკარაძე,152,0.9268,345,176,35,130,0.5101,0.1014,0.3768,12,0.0682
82011,82011,unm,გია აბულაძე,7,0.1,133,71,15,55,0.5338,0.1128,0.4135,1,0.0141
82011,82011,gd,ფრიდონ ფუტკარაძე,63,0.9,133,71,15,55,0.5338,0.1128,0.4135,1,0.0141
82012,82012,unm,გია აბულაძე,9,0.0769,211,118,25,91,0.5592,0.1185,0.4313,1,0.0085
82012,82012,gd,ფრიდონ ფუტკარაძე,108,0.9231,211,118,25,91,0.5592,0.1185,0.4313,1,0.0085
82013,82013,unm,გია აბულაძე,5,0.0649,162,82,29,71,0.5062,0.179,0.4383,5,0.061
82013,82013,gd,ფრიდონ ფუტკარაძე,72,0.9351,162,82,29,71,0.5062,0.179,0.4383,5,0.061
82014,82014,unm,გია აბულაძე,25,0.1042,611,253,68,199,0.4141,0.1113,0.3257,13,0.0514
82014,82014,gd,ფრიდონ ფუტკარაძე,215,0.8958,611,253,68,199,0.4141,0.1113,0.3257,13,0.0514
82015,82015,unm,გია აბულაძე,26,0.0872,739,305,87,250,0.4127,0.1177,0.3383,6,0.0197
82015,82015,gd,ფრიდონ ფუტკარაძე,272,0.9128,739,305,87,250,0.4127,0.1177,0.3383,6,0.0197
82016,82016,unm,გია აბულაძე,29,0.133,654,234,49,176,0.3578,0.0749,0.2691,16,0.0684
82016,82016,gd,ფრიდონ ფუტკარაძე,189,0.867,654,234,49,176,0.3578,0.0749,0.2691,16,0.0684
82017,82017,unm,გია აბულაძე,27,0.1399,423,200,43,180,0.4728,0.1017,0.4255,7,0.035
82017,82017,gd,ფრიდონ ფუტკარაძე,166,0.8601,423,200,43,180,0.4728,0.1017,0.4255,7,0.035
82018,82018,unm,გია აბულაძე,2,0.0233,187,90,26,68,0.4813,0.139,0.3636,4,0.0444
82018,82018,gd,ფრიდონ ფუტკარაძე,84,0.9767,187,90,26,68,0.4813,0.139,0.3636,4,0.0444
82019,82019,unm,გია აბულაძე,1,0.0204,91,53,27,47,0.5824,0.2967,0.5165,4,0.0755
82019,82019,gd,ფრიდონ ფუტკარაძე,48,0.9796,91,53,27,47,0.5824,0.2967,0.5165,4,0.0755
82020,82020,unm,გია აბულაძე,10,0.0694,359,151,38,118,0.4206,0.1058,0.3287,6,0.0397
82020,82020,gd,ფრიდონ ფუტკარაძე,134,0.9306,359,151,38,118,0.4206,0.1058,0.3287,6,0.0397
82021,82021,unm,გია აბულაძე,9,0.0763,219,125,27,101,0.5708,0.1233,0.4612,7,0.056
82021,82021,gd,ფრიდონ ფუტკარაძე,109,0.9237,219,125,27,101,0.5708,0.1233,0.4612,7,0.056
82022,82022,unm,გია აბულაძე,4,0.043,130,93,47,90,0.7154,0.3615,0.6923,0,0
82022,82022,gd,ფრიდონ ფუტკარაძე,89,0.957,130,93,47,90,0.7154,0.3615,0.6923,0,0
82023,82023,unm,გია აბულაძე,51,0.2277,479,228,76,189,0.476,0.1587,0.3946,4,0.0175
82023,82023,gd,ფრიდონ ფუტკარაძე,173,0.7723,479,228,76,189,0.476,0.1587,0.3946,4,0.0175
82024,82024,unm,გია აბულაძე,7,0.0753,195,95,38,87,0.4872,0.1949,0.4462,2,0.0211
82024,82024,gd,ფრიდონ ფუტკარაძე,86,0.9247,195,95,38,87,0.4872,0.1949,0.4462,2,0.0211
82025,82025,unm,გია აბულაძე,16,0.1379,266,123,34,117,0.4624,0.1278,0.4398,7,0.0569
82025,82025,gd,ფრიდონ ფუტკარაძე,100,0.8621,266,123,34,117,0.4624,0.1278,0.4398,7,0.0569
82026,82026,unm,გია აბულაძე,22,0.2268,229,104,39,93,0.4541,0.1703,0.4061,7,0.0673
82026,82026,gd,ფრიდონ ფუტკარაძე,75,0.7732,229,104,39,93,0.4541,0.1703,0.4061,7,0.0673
82027,82027,unm,გია აბულაძე,14,0.1111,282,132,60,125,0.4681,0.2128,0.4433,6,0.0455
82027,82027,gd,ფრიდონ ფუტკარაძე,112,0.8889,282,132,60,125,0.4681,0.2128,0.4433,6,0.0455
82028,82028,unm,გია აბულაძე,19,0.0823,488,237,67,202,0.4857,0.1373,0.4139,6,0.0253
82028,82028,gd,ფრიდონ ფუტკარაძე,212,0.9177,488,237,67,202,0.4857,0.1373,0.4139,6,0.0253
82029,82029,unm,გია აბულაძე,8,0.0506,262,160,75,157,0.6107,0.2863,0.5992,2,0.0125
82029,82029,gd,ფრიდონ ფუტკარაძე,150,0.9494,262,160,75,157,0.6107,0.2863,0.5992,2,0.0125
82030,82030,unm,გია აბულაძე,3,0.0238,225,128,46,125,0.5689,0.2044,0.5556,2,0.0156
82030,82030,gd,ფრიდონ ფუტკარაძე,123,0.9762,225,128,46,125,0.5689,0.2044,0.5556,2,0.0156
82031,82031,unm,გია აბულაძე,5,0.0269,310,195,63,170,0.629,0.2032,0.5484,9,0.0462
82031,82031,gd,ფრიდონ ფუტკარაძე,181,0.9731,310,195,63,170,0.629,0.2032,0.5484,9,0.0462
82032,82032,unm,გია აბულაძე,3,0.0345,197,89,28,71,0.4518,0.1421,0.3604,2,0.0225
82032,82032,gd,ფრიდონ ფუტკარაძე,84,0.9655,197,89,28,71,0.4518,0.1421,0.3604,2,0.0225
82033,82033,unm,გია აბულაძე,5,0.0532,142,96,31,85,0.6761,0.2183,0.5986,2,0.0208
82033,82033,gd,ფრიდონ ფუტკარაძე,89,0.9468,142,96,31,85,0.6761,0.2183,0.5986,2,0.0208
82034,82034,unm,გია აბულაძე,1,0.0083,253,122,27,105,0.4822,0.1067,0.415,1,0.0082
82034,82034,gd,ფრიდონ ფუტკარაძე,120,0.9917,253,122,27,105,0.4822,0.1067,0.415,1,0.0082
82035,82035,unm,გია აბულაძე,6,0.0594,192,101,40,77,0.526,0.2083,0.401,0,0
82035,82035,gd,ფრიდონ ფუტკარაძე,95,0.9406,192,101,40,77,0.526,0.2083,0.401,0,0
82036,82036,unm,გია აბულაძე,14,0.1157,323,122,30,100,0.3777,0.0929,0.3096,1,0.0082
82036,82036,gd,ფრიდონ ფუტკარაძე,107,0.8843,323,122,30,100,0.3777,0.0929,0.3096,1,0.0082
82037,82037,unm,გია აბულაძე,9,0.0789,255,117,22,85,0.4588,0.0863,0.3333,3,0.0256
82037,82037,gd,ფრიდონ ფუტკარაძე,105,0.9211,255,117,22,85,0.4588,0.0863,0.3333,3,0.0256
82038,82038,unm,გია აბულაძე,13,0.0707,452,189,43,133,0.4181,0.0951,0.2942,5,0.0265
82038,82038,gd,ფრიდონ ფუტკარაძე,171,0.9293,452,189,43,133,0.4181,0.0951,0.2942,5,0.0265
82039,82039,unm,გია აბულაძე,35,0.1699,487,213,63,145,0.4374,0.1294,0.2977,7,0.0329
82039,82039,gd,ფრიდონ ფუტკარაძე,171,0.8301,487,213,63,145,0.4374,0.1294,0.2977,7,0.0329
82040,82040,unm,გია აბულაძე,6,0.06,265,102,24,82,0.3849,0.0906,0.3094,2,0.0196
82040,82040,gd,ფრიდონ ფუტკარაძე,94,0.94,265,102,24,82,0.3849,0.0906,0.3094,2,0.0196
82041,82041,unm,გია აბულაძე,27,0.2045,372,136,40,105,0.3656,0.1075,0.2823,4,0.0294
82041,82041,gd,ფრიდონ ფუტკარაძე,105,0.7955,372,136,40,105,0.3656,0.1075,0.2823,4,0.0294
82042,82042,unm,გია აბულაძე,6,0.0351,369,171,46,123,0.4634,0.1247,0.3333,0,0
82042,82042,gd,ფრიდონ ფუტკარაძე,165,0.9649,369,171,46,123,0.4634,0.1247,0.3333,0,0
82043,82043,unm,გია აბულაძე,2,0.0111,416,183,45,156,0.4399,0.1082,0.375,3,0.0164
82043,82043,gd,ფრიდონ ფუტკარაძე,178,0.9889,416,183,45,156,0.4399,0.1082,0.375,3,0.0164
82044,82044,unm,გია აბულაძე,10,0.0952,161,121,35,98,0.7516,0.2174,0.6087,16,0.1322
82044,82044,gd,ფრიდონ ფუტკარაძე,95,0.9048,161,121,35,98,0.7516,0.2174,0.6087,16,0.1322
82045,82045,unm,გია აბულაძე,8,0.0684,269,122,27,90,0.4535,0.1004,0.3346,5,0.041
82045,82045,gd,ფრიდონ ფუტკარაძე,109,0.9316,269,122,27,90,0.4535,0.1004,0.3346,5,0.041
82046,82046,unm,გია აბულაძე,10,0.0709,282,141,37,124,0.5,0.1312,0.4397,0,0
82046,82046,gd,ფრიდონ ფუტკარაძე,131,0.9291,282,141,37,124,0.5,0.1312,0.4397,0,0
82047,82047,unm,გია აბულაძე,6,0.0571,203,111,33,80,0.5468,0.1626,0.3941,6,0.0541
82047,82047,gd,ფრიდონ ფუტკარაძე,99,0.9429,203,111,33,80,0.5468,0.1626,0.3941,6,0.0541
82048,82048,unm,გია აბულაძე,7,0.0795,215,93,22,61,0.4326,0.1023,0.2837,5,0.0538
82048,82048,gd,ფრიდონ ფუტკარაძე,81,0.9205,215,93,22,61,0.4326,0.1023,0.2837,5,0.0538
82049,82049,unm,გია აბულაძე,5,0.1389,103,41,10,36,0.3981,0.0971,0.3495,5,0.122
82049,82049,gd,ფრიდონ ფუტკარაძე,31,0.8611,103,41,10,36,0.3981,0.0971,0.3495,5,0.122
82050,82050,gd,ფრიდონ ფუტკარაძე,15,1,17,15,15,15,0.8824,0.8824,0.8824,0,0
83001,83001,unm,გია აბულაძე,44,0.1226,1275,374,103,296,0.2933,0.0808,0.2322,15,0.0401
83001,83001,gd,ფრიდონ ფუტკარაძე,315,0.8774,1275,374,103,296,0.2933,0.0808,0.2322,15,0.0401
83002,83002,unm,გია აბულაძე,47,0.1588,1153,310,81,225,0.2689,0.0703,0.1951,10,0.0323
83002,83002,gd,ფრიდონ ფუტკარაძე,249,0.8412,1153,310,81,225,0.2689,0.0703,0.1951,10,0.0323
83003,83003,unm,გია აბულაძე,49,0.1186,1389,435,100,300,0.3132,0.072,0.216,20,0.046
83003,83003,gd,ფრიდონ ფუტკარაძე,364,0.8814,1389,435,100,300,0.3132,0.072,0.216,20,0.046
83004,83004,unm,გია აბულაძე,12,0.0896,538,136,41,100,0.2528,0.0762,0.1859,2,0.0147
83004,83004,gd,ფრიდონ ფუტკარაძე,122,0.9104,538,136,41,100,0.2528,0.0762,0.1859,2,0.0147
83005,83005,unm,გია აბულაძე,44,0.1068,1247,426,135,375,0.3416,0.1083,0.3007,13,0.0305
83005,83005,gd,ფრიდონ ფუტკარაძე,368,0.8932,1247,426,135,375,0.3416,0.1083,0.3007,13,0.0305
83006,83006,unm,გია აბულაძე,48,0.16,1001,316,103,275,0.3157,0.1029,0.2747,16,0.0506
83006,83006,gd,ფრიდონ ფუტკარაძე,252,0.84,1001,316,103,275,0.3157,0.1029,0.2747,16,0.0506
83007,83007,unm,გია აბულაძე,19,0.0941,800,206,59,171,0.2575,0.0738,0.2138,4,0.0194
83007,83007,gd,ფრიდონ ფუტკარაძე,183,0.9059,800,206,59,171,0.2575,0.0738,0.2138,4,0.0194
83012,83012,unm,გია აბულაძე,33,0.1065,1341,321,96,255,0.2394,0.0716,0.1902,11,0.0343
83012,83012,gd,ფრიდონ ფუტკარაძე,277,0.8935,1341,321,96,255,0.2394,0.0716,0.1902,11,0.0343
83013,83013,unm,გია აბულაძე,23,0.0717,1219,332,110,288,0.2724,0.0902,0.2363,11,0.0331
83013,83013,gd,ფრიდონ ფუტკარაძე,298,0.9283,1219,332,110,288,0.2724,0.0902,0.2363,11,0.0331
83014,83014,unm,გია აბულაძე,32,0.0933,1315,353,101,253,0.2684,0.0768,0.1924,10,0.0283
83014,83014,gd,ფრიდონ ფუტკარაძე,311,0.9067,1315,353,101,253,0.2684,0.0768,0.1924,10,0.0283
83015,83015,unm,გია აბულაძე,39,0.1254,1395,321,102,265,0.2301,0.0731,0.19,10,0.0312
83015,83015,gd,ფრიდონ ფუტკარაძე,272,0.8746,1395,321,102,265,0.2301,0.0731,0.19,10,0.0312
83016,83016,unm,გია აბულაძე,41,0.1262,1188,331,105,250,0.2786,0.0884,0.2104,6,0.0181
83016,83016,gd,ფრიდონ ფუტკარაძე,284,0.8738,1188,331,105,250,0.2786,0.0884,0.2104,6,0.0181
83017,83017,unm,გია აბულაძე,34,0.1073,1328,326,83,239,0.2455,0.0625,0.18,7,0.0215
83017,83017,gd,ფრიდონ ფუტკარაძე,283,0.8927,1328,326,83,239,0.2455,0.0625,0.18,7,0.0215
83018,83018,unm,გია აბულაძე,25,0.105,1343,244,53,182,0.1817,0.0395,0.1355,6,0.0246
83018,83018,gd,ფრიდონ ფუტკარაძე,213,0.895,1343,244,53,182,0.1817,0.0395,0.1355,6,0.0246
83019,83019,unm,გია აბულაძე,30,0.1293,1288,240,97,202,0.1863,0.0753,0.1568,8,0.0333
83019,83019,gd,ფრიდონ ფუტკარაძე,202,0.8707,1288,240,97,202,0.1863,0.0753,0.1568,8,0.0333
83020,83020,unm,გია აბულაძე,29,0.1368,1020,224,80,187,0.2196,0.0784,0.1833,12,0.0536
83020,83020,gd,ფრიდონ ფუტკარაძე,183,0.8632,1020,224,80,187,0.2196,0.0784,0.1833,12,0.0536
83021,83021,unm,გია აბულაძე,27,0.1038,1201,270,104,210,0.2248,0.0866,0.1749,10,0.037
83021,83021,gd,ფრიდონ ფუტკარაძე,233,0.8962,1201,270,104,210,0.2248,0.0866,0.1749,10,0.037
83022,83022,unm,გია აბულაძე,26,0.0932,1134,290,96,188,0.2557,0.0847,0.1658,11,0.0379
83022,83022,gd,ფრიდონ ფუტკარაძე,253,0.9068,1134,290,96,188,0.2557,0.0847,0.1658,11,0.0379
83023,83023,unm,გია აბულაძე,46,0.1825,932,262,105,220,0.2811,0.1127,0.2361,10,0.0382
83023,83023,gd,ფრიდონ ფუტკარაძე,206,0.8175,932,262,105,220,0.2811,0.1127,0.2361,10,0.0382
83024,83024,unm,გია აბულაძე,7,0.0217,1400,328,100,263,0.2343,0.0714,0.1879,5,0.0152
83024,83024,gd,ფრიდონ ფუტკარაძე,316,0.9783,1400,328,100,263,0.2343,0.0714,0.1879,5,0.0152
83025,83025,unm,გია აბულაძე,8,0.0421,560,191,46,135,0.3411,0.0821,0.2411,1,0.0052
83025,83025,gd,ფრიდონ ფუტკარაძე,182,0.9579,560,191,46,135,0.3411,0.0821,0.2411,1,0.0052
83026,83026,unm,გია აბულაძე,14,0.1591,371,92,41,70,0.248,0.1105,0.1887,4,0.0435
83026,83026,gd,ფრიდონ ფუტკარაძე,74,0.8409,371,92,41,70,0.248,0.1105,0.1887,4,0.0435
83027,83027,unm,გია აბულაძე,25,0.0899,771,296,74,251,0.3839,0.096,0.3256,11,0.0372
83027,83027,gd,ფრიდონ ფუტკარაძე,253,0.9101,771,296,74,251,0.3839,0.096,0.3256,11,0.0372
83028,83028,unm,გია აბულაძე,75,0.1856,1232,439,170,377,0.3563,0.138,0.306,34,0.0774
83028,83028,gd,ფრიდონ ფუტკარაძე,329,0.8144,1232,439,170,377,0.3563,0.138,0.306,34,0.0774
83029,83029,unm,გია აბულაძე,71,0.1864,1281,397,127,339,0.3099,0.0991,0.2646,16,0.0403
83029,83029,gd,ფრიდონ ფუტკარაძე,310,0.8136,1281,397,127,339,0.3099,0.0991,0.2646,16,0.0403
83030,83030,unm,გია აბულაძე,95,0.1959,1436,497,185,404,0.3461,0.1288,0.2813,12,0.0241
83030,83030,gd,ფრიდონ ფუტკარაძე,390,0.8041,1436,497,185,404,0.3461,0.1288,0.2813,12,0.0241
83031,83031,unm,გია აბულაძე,75,0.1799,1161,430,110,324,0.3704,0.0947,0.2791,13,0.0302
83031,83031,gd,ფრიდონ ფუტკარაძე,342,0.8201,1161,430,110,324,0.3704,0.0947,0.2791,13,0.0302
83032,83032,unm,გია აბულაძე,45,0.1275,1029,358,120,296,0.3479,0.1166,0.2877,5,0.014
83032,83032,gd,ფრიდონ ფუტკარაძე,308,0.8725,1029,358,120,296,0.3479,0.1166,0.2877,5,0.014
83033,83033,unm,გია აბულაძე,57,0.1676,1182,357,105,276,0.302,0.0888,0.2335,16,0.0448
83033,83033,gd,ფრიდონ ფუტკარაძე,283,0.8324,1182,357,105,276,0.302,0.0888,0.2335,16,0.0448
83034,83034,unm,გია აბულაძე,32,0.1397,849,241,51,167,0.2839,0.0601,0.1967,12,0.0498
83034,83034,gd,ფრიდონ ფუტკარაძე,197,0.8603,849,241,51,167,0.2839,0.0601,0.1967,12,0.0498
83035,83035,unm,გია აბულაძე,70,0.1417,1495,506,155,426,0.3385,0.1037,0.2849,12,0.0237
83035,83035,gd,ფრიდონ ფუტკარაძე,424,0.8583,1495,506,155,426,0.3385,0.1037,0.2849,12,0.0237
83036,83036,unm,გია აბულაძე,34,0.1683,538,207,71,175,0.3848,0.132,0.3253,5,0.0242
83036,83036,gd,ფრიდონ ფუტკარაძე,168,0.8317,538,207,71,175,0.3848,0.132,0.3253,5,0.0242
83037,83037,unm,გია აბულაძე,46,0.081,1341,580,244,450,0.4325,0.182,0.3356,12,0.0207
83037,83037,gd,ფრიდონ ფუტკარაძე,522,0.919,1341,580,244,450,0.4325,0.182,0.3356,12,0.0207
83038,83038,unm,გია აბულაძე,18,0.0796,619,234,100,204,0.378,0.1616,0.3296,8,0.0342
83038,83038,gd,ფრიდონ ფუტკარაძე,208,0.9204,619,234,100,204,0.378,0.1616,0.3296,8,0.0342
83039,83039,unm,გია აბულაძე,21,0.105,580,204,96,190,0.3517,0.1655,0.3276,4,0.0196
83039,83039,gd,ფრიდონ ფუტკარაძე,179,0.895,580,204,96,190,0.3517,0.1655,0.3276,4,0.0196
83040,83040,unm,გია აბულაძე,25,0.1908,309,142,39,119,0.4595,0.1262,0.3851,11,0.0775
83040,83040,gd,ფრიდონ ფუტკარაძე,106,0.8092,309,142,39,119,0.4595,0.1262,0.3851,11,0.0775
83041,83041,unm,გია აბულაძე,24,0.096,512,254,37,219,0.4961,0.0723,0.4277,4,0.0157
83041,83041,gd,ფრიდონ ფუტკარაძე,226,0.904,512,254,37,219,0.4961,0.0723,0.4277,4,0.0157
83042,83042,unm,გია აბულაძე,22,0.141,340,178,71,158,0.5235,0.2088,0.4647,9,0.0506
83042,83042,gd,ფრიდონ ფუტკარაძე,134,0.859,340,178,71,158,0.5235,0.2088,0.4647,9,0.0506
83043,83043,unm,გია აბულაძე,49,0.1485,806,364,115,302,0.4516,0.1427,0.3747,14,0.0385
83043,83043,gd,ფრიდონ ფუტკარაძე,281,0.8515,806,364,115,302,0.4516,0.1427,0.3747,14,0.0385
83044,83044,unm,გია აბულაძე,27,0.1134,530,248,81,195,0.4679,0.1528,0.3679,10,0.0403
83044,83044,gd,ფრიდონ ფუტკარაძე,211,0.8866,530,248,81,195,0.4679,0.1528,0.3679,10,0.0403
83045,83045,unm,გია აბულაძე,21,0.1479,861,151,56,132,0.1754,0.065,0.1533,9,0.0596
83045,83045,gd,ფრიდონ ფუტკარაძე,121,0.8521,861,151,56,132,0.1754,0.065,0.1533,9,0.0596
83046,83046,unm,გია აბულაძე,39,0.1848,545,214,88,186,0.3927,0.1615,0.3413,3,0.014
83046,83046,gd,ფრიდონ ფუტკარაძე,172,0.8152,545,214,88,186,0.3927,0.1615,0.3413,3,0.014
83047,83047,gd,ფრიდონ ფუტკარაძე,15,1,16,15,13,15,0.9375,0.8125,0.9375,0,0
84001,84001,unm,გია აბულაძე,46,0.1186,930,413,110,320,0.4441,0.1183,0.3441,24,0.0581
84001,84001,gd,ფრიდონ ფუტკარაძე,342,0.8814,930,413,110,320,0.4441,0.1183,0.3441,24,0.0581
84002,84002,unm,გია აბულაძე,17,0.0769,498,232,48,205,0.4659,0.0964,0.4116,11,0.0474
84002,84002,gd,ფრიდონ ფუტკარაძე,204,0.9231,498,232,48,205,0.4659,0.0964,0.4116,11,0.0474
84003,84003,unm,გია აბულაძე,18,0.1268,370,148,27,92,0.4,0.073,0.2486,6,0.0405
84003,84003,gd,ფრიდონ ფუტკარაძე,124,0.8732,370,148,27,92,0.4,0.073,0.2486,6,0.0405
84004,84004,unm,გია აბულაძე,46,0.1326,901,372,99,296,0.4129,0.1099,0.3285,25,0.0672
84004,84004,gd,ფრიდონ ფუტკარაძე,301,0.8674,901,372,99,296,0.4129,0.1099,0.3285,25,0.0672
84005,84005,unm,გია აბულაძე,30,0.1145,556,276,43,222,0.4964,0.0773,0.3993,14,0.0507
84005,84005,gd,ფრიდონ ფუტკარაძე,232,0.8855,556,276,43,222,0.4964,0.0773,0.3993,14,0.0507
84006,84006,unm,გია აბულაძე,23,0.1679,384,151,38,133,0.3932,0.099,0.3464,14,0.0927
84006,84006,gd,ფრიდონ ფუტკარაძე,114,0.8321,384,151,38,133,0.3932,0.099,0.3464,14,0.0927
84007,84007,unm,გია აბულაძე,58,0.271,615,227,47,167,0.3691,0.0764,0.2715,13,0.0573
84007,84007,gd,ფრიდონ ფუტკარაძე,156,0.729,615,227,47,167,0.3691,0.0764,0.2715,13,0.0573
84008,84008,unm,გია აბულაძე,30,0.1734,459,189,52,161,0.4118,0.1133,0.3508,16,0.0847
84008,84008,gd,ფრიდონ ფუტკარაძე,143,0.8266,459,189,52,161,0.4118,0.1133,0.3508,16,0.0847
84009,84009,unm,გია აბულაძე,47,0.1691,698,297,75,237,0.4255,0.1074,0.3395,19,0.064
84009,84009,gd,ფრიდონ ფუტკარაძე,231,0.8309,698,297,75,237,0.4255,0.1074,0.3395,19,0.064
84010,84010,unm,გია აბულაძე,29,0.1526,443,207,48,192,0.4673,0.1084,0.4334,17,0.0821
84010,84010,gd,ფრიდონ ფუტკარაძე,161,0.8474,443,207,48,192,0.4673,0.1084,0.4334,17,0.0821
84011,84011,unm,გია აბულაძე,17,0.0496,650,352,126,267,0.5415,0.1938,0.4108,8,0.0227
84011,84011,gd,ფრიდონ ფუტკარაძე,326,0.9504,650,352,126,267,0.5415,0.1938,0.4108,8,0.0227
84012,84012,unm,გია აბულაძე,48,0.1159,1001,438,85,320,0.4376,0.0849,0.3197,24,0.0548
84012,84012,gd,ფრიდონ ფუტკარაძე,366,0.8841,1001,438,85,320,0.4376,0.0849,0.3197,24,0.0548
84013,84013,unm,გია აბულაძე,16,0.097,391,173,30,140,0.4425,0.0767,0.3581,8,0.0462
84013,84013,gd,ფრიდონ ფუტკარაძე,149,0.903,391,173,30,140,0.4425,0.0767,0.3581,8,0.0462
84014,84014,unm,გია აბულაძე,16,0.0557,556,289,38,226,0.5198,0.0683,0.4065,2,0.0069
84014,84014,gd,ფრიდონ ფუტკარაძე,271,0.9443,556,289,38,226,0.5198,0.0683,0.4065,2,0.0069
84015,84015,unm,გია აბულაძე,7,0.0446,353,165,38,110,0.4674,0.1076,0.3116,8,0.0485
84015,84015,gd,ფრიდონ ფუტკარაძე,150,0.9554,353,165,38,110,0.4674,0.1076,0.3116,8,0.0485
84016,84016,unm,გია აბულაძე,8,0.05,353,164,50,141,0.4646,0.1416,0.3994,4,0.0244
84016,84016,gd,ფრიდონ ფუტკარაძე,152,0.95,353,164,50,141,0.4646,0.1416,0.3994,4,0.0244
84017,84017,unm,გია აბულაძე,59,0.2398,682,267,23,152,0.3915,0.0337,0.2229,21,0.0787
84017,84017,gd,ფრიდონ ფუტკარაძე,187,0.7602,682,267,23,152,0.3915,0.0337,0.2229,21,0.0787
84018,84018,unm,გია აბულაძე,123,0.2639,1135,498,133,395,0.4388,0.1172,0.348,31,0.0622
84018,84018,gd,ფრიდონ ფუტკარაძე,343,0.7361,1135,498,133,395,0.4388,0.1172,0.348,31,0.0622
84019,84019,unm,გია აბულაძე,97,0.3109,750,339,87,272,0.452,0.116,0.3627,27,0.0796
84019,84019,gd,ფრიდონ ფუტკარაძე,215,0.6891,750,339,87,272,0.452,0.116,0.3627,27,0.0796
84020,84020,unm,გია აბულაძე,19,0.1712,235,116,35,94,0.4936,0.1489,0.4,5,0.0431
84020,84020,gd,ფრიდონ ფუტკარაძე,92,0.8288,235,116,35,94,0.4936,0.1489,0.4,5,0.0431
84021,84021,unm,გია აბულაძე,14,0.112,309,132,59,121,0.4272,0.1909,0.3916,7,0.053
84021,84021,gd,ფრიდონ ფუტკარაძე,111,0.888,309,132,59,121,0.4272,0.1909,0.3916,7,0.053
84022,84022,unm,გია აბულაძე,9,0.0957,279,98,22,89,0.3513,0.0789,0.319,4,0.0408
84022,84022,gd,ფრიდონ ფუტკარაძე,85,0.9043,279,98,22,89,0.3513,0.0789,0.319,4,0.0408
84023,84023,unm,გია აბულაძე,23,0.1036,785,233,54,164,0.2968,0.0688,0.2089,11,0.0472
84023,84023,gd,ფრიდონ ფუტკარაძე,199,0.8964,785,233,54,164,0.2968,0.0688,0.2089,11,0.0472
84024,84024,unm,გია აბულაძე,14,0.0633,573,231,69,185,0.4031,0.1204,0.3229,10,0.0433
84024,84024,gd,ფრიდონ ფუტკარაძე,207,0.9367,573,231,69,185,0.4031,0.1204,0.3229,10,0.0433
84025,84025,unm,გია აბულაძე,22,0.1571,426,147,35,112,0.3451,0.0822,0.2629,7,0.0476
84025,84025,gd,ფრიდონ ფუტკარაძე,118,0.8429,426,147,35,112,0.3451,0.0822,0.2629,7,0.0476
84026,84026,unm,გია აბულაძე,28,0.1443,453,199,49,148,0.4393,0.1082,0.3267,5,0.0251
84026,84026,gd,ფრიდონ ფუტკარაძე,166,0.8557,453,199,49,148,0.4393,0.1082,0.3267,5,0.0251
84027,84027,unm,გია აბულაძე,10,0.0526,417,192,30,132,0.4604,0.0719,0.3165,2,0.0104
84027,84027,gd,ფრიდონ ფუტკარაძე,180,0.9474,417,192,30,132,0.4604,0.0719,0.3165,2,0.0104
84028,84028,unm,გია აბულაძე,2,0.0213,323,96,17,77,0.2972,0.0526,0.2384,2,0.0208
84028,84028,gd,ფრიდონ ფუტკარაძე,92,0.9787,323,96,17,77,0.2972,0.0526,0.2384,2,0.0208
84029,84029,unm,გია აბულაძე,10,0.1163,267,93,23,73,0.3483,0.0861,0.2734,7,0.0753
84029,84029,gd,ფრიდონ ფუტკარაძე,76,0.8837,267,93,23,73,0.3483,0.0861,0.2734,7,0.0753
84030,84030,unm,გია აბულაძე,6,0.06,212,103,30,80,0.4858,0.1415,0.3774,3,0.0291
84030,84030,gd,ფრიდონ ფუტკარაძე,94,0.94,212,103,30,80,0.4858,0.1415,0.3774,3,0.0291
84031,84031,unm,გია აბულაძე,22,0.131,554,178,23,143,0.3213,0.0415,0.2581,10,0.0562
84031,84031,gd,ფრიდონ ფუტკარაძე,146,0.869,554,178,23,143,0.3213,0.0415,0.2581,10,0.0562
84032,84032,gd,ფრიდონ ფუტკარაძე,9,1,667,9,4,9,0.0135,0.006,0.0135,0,0
84033,84033,unm,გია აბულაძე,14,0.0927,341,153,49,117,0.4487,0.1437,0.3431,2,0.0131
84033,84033,gd,ფრიდონ ფუტკარაძე,137,0.9073,341,153,49,117,0.4487,0.1437,0.3431,2,0.0131
84034,84034,unm,გია აბულაძე,1,0.0111,197,90,28,70,0.4569,0.1421,0.3553,0,0
84034,84034,gd,ფრიდონ ფუტკარაძე,89,0.9889,197,90,28,70,0.4569,0.1421,0.3553,0,0
84035,84035,unm,გია აბულაძე,7,0.0569,255,125,40,96,0.4902,0.1569,0.3765,2,0.016
84035,84035,gd,ფრიდონ ფუტკარაძე,116,0.9431,255,125,40,96,0.4902,0.1569,0.3765,2,0.016
84036,84036,unm,გია აბულაძე,8,0.0471,414,172,60,145,0.4155,0.1449,0.3502,2,0.0116
84036,84036,gd,ფრიდონ ფუტკარაძე,162,0.9529,414,172,60,145,0.4155,0.1449,0.3502,2,0.0116
84037,84037,unm,გია აბულაძე,12,0.0612,411,206,35,170,0.5012,0.0852,0.4136,10,0.0485
84037,84037,gd,ფრიდონ ფუტკარაძე,184,0.9388,411,206,35,170,0.5012,0.0852,0.4136,10,0.0485
84038,84038,unm,გია აბულაძე,5,0.0505,224,102,25,75,0.4554,0.1116,0.3348,3,0.0294
84038,84038,gd,ფრიდონ ფუტკარაძე,94,0.9495,224,102,25,75,0.4554,0.1116,0.3348,3,0.0294
84039,84039,unm,გია აბულაძე,7,0.0329,455,215,60,159,0.4725,0.1319,0.3495,2,0.0093
84039,84039,gd,ფრიდონ ფუტკარაძე,206,0.9671,455,215,60,159,0.4725,0.1319,0.3495,2,0.0093
84040,84040,unm,გია აბულაძე,8,0.0372,506,228,49,178,0.4506,0.0968,0.3518,13,0.057
84040,84040,gd,ფრიდონ ფუტკარაძე,207,0.9628,506,228,49,178,0.4506,0.0968,0.3518,13,0.057
84041,84041,unm,გია აბულაძე,16,0.0669,564,240,43,187,0.4255,0.0762,0.3316,1,0.0042
84041,84041,gd,ფრიდონ ფუტკარაძე,223,0.9331,564,240,43,187,0.4255,0.0762,0.3316,1,0.0042
84042,84042,unm,გია აბულაძე,34,0.1328,621,258,55,230,0.4155,0.0886,0.3704,2,0.0078
84042,84042,gd,ფრიდონ ფუტკარაძე,222,0.8672,621,258,55,230,0.4155,0.0886,0.3704,2,0.0078
84043,84043,unm,გია აბულაძე,5,0.0909,175,57,18,52,0.3257,0.1029,0.2971,2,0.0351
84043,84043,gd,ფრიდონ ფუტკარაძე,50,0.9091,175,57,18,52,0.3257,0.1029,0.2971,2,0.0351
84044,84044,unm,გია აბულაძე,4,0.0615,203,65,12,41,0.3202,0.0591,0.202,0,0
84044,84044,gd,ფრიდონ ფუტკარაძე,61,0.9385,203,65,12,41,0.3202,0.0591,0.202,0,0
84045,84045,gd,ფრიდონ ფუტკარაძე,9,1,311,9,2,9,0.0289,0.0064,0.0289,0,0
84046,84046,unm,გია აბულაძე,18,0.1452,275,127,20,96,0.4618,0.0727,0.3491,3,0.0236
84046,84046,gd,ფრიდონ ფუტკარაძე,106,0.8548,275,127,20,96,0.4618,0.0727,0.3491,3,0.0236
84047,84047,unm,გია აბულაძე,5,0.0794,138,70,14,55,0.5072,0.1014,0.3986,7,0.1
84047,84047,gd,ფრიდონ ფუტკარაძე,58,0.9206,138,70,14,55,0.5072,0.1014,0.3986,7,0.1
84048,84048,unm,გია აბულაძე,3,0.0556,152,56,16,47,0.3684,0.1053,0.3092,2,0.0357
84048,84048,gd,ფრიდონ ფუტკარაძე,51,0.9444,152,56,16,47,0.3684,0.1053,0.3092,2,0.0357
84049,84049,unm,გია აბულაძე,19,0.0974,399,207,52,170,0.5188,0.1303,0.4261,12,0.058
84049,84049,gd,ფრიდონ ფუტკარაძე,176,0.9026,399,207,52,170,0.5188,0.1303,0.4261,12,0.058
84050,84050,unm,გია აბულაძე,12,0.0603,352,202,70,167,0.5739,0.1989,0.4744,3,0.0149
84050,84050,gd,ფრიდონ ფუტკარაძე,187,0.9397,352,202,70,167,0.5739,0.1989,0.4744,3,0.0149
84051,84051,unm,გია აბულაძე,16,0.1416,297,118,21,103,0.3973,0.0707,0.3468,5,0.0424
84051,84051,gd,ფრიდონ ფუტკარაძე,97,0.8584,297,118,21,103,0.3973,0.0707,0.3468,5,0.0424
84052,84052,unm,გია აბულაძე,7,0.0833,186,84,34,62,0.4516,0.1828,0.3333,0,0
84052,84052,gd,ფრიდონ ფუტკარაძე,77,0.9167,186,84,34,62,0.4516,0.1828,0.3333,0,0
84053,84053,unm,გია აბულაძე,3,0.0256,260,121,43,99,0.4654,0.1654,0.3808,4,0.0331
84053,84053,gd,ფრიდონ ფუტკარაძე,114,0.9744,260,121,43,99,0.4654,0.1654,0.3808,4,0.0331
84054,84054,unm,გია აბულაძე,9,0.0647,314,149,47,113,0.4745,0.1497,0.3599,10,0.0671
84054,84054,gd,ფრიდონ ფუტკარაძე,130,0.9353,314,149,47,113,0.4745,0.1497,0.3599,10,0.0671
84055,84055,unm,გია აბულაძე,4,0.1429,30,28,15,28,0.9333,0.5,0.9333,0,0
84055,84055,gd,ფრიდონ ფუტკარაძე,24,0.8571,30,28,15,28,0.9333,0.5,0.9333,0,0
