"district_id","party_id","votes","vote_share","registered","voted","voted_noon","voted_5pm","main_list","special_list","turnout_pct","noon_pct","five_pct","invalid_ballots","invalid_pct"
"national","conservatives_geo",35335,0.026089,3513818,1443450,601078,1174298,735700809,17846,0.410792,0.171061,0.334194,88941,0.061617
"national","free_georgia",3792,0.0028,3513818,1443450,601078,1174298,735700809,17846,0.410792,0.171061,0.334194,88941,0.061617
"national","gakharia",49820,0.036784,3513818,1443450,601078,1174298,735700809,17846,0.410792,0.171061,0.334194,88941,0.061617
"national","gd",1106965,0.81731,3513818,1443450,601078,1174298,735700809,17846,0.410792,0.171061,0.334194,88941,0.061617
"national","georgia_party",1753,0.001294,3513818,1443450,601078,1174298,735700809,17846,0.410792,0.171061,0.334194,88941,0.061617
"national","girchi",39428,0.029111,3513818,1443450,601078,1174298,735700809,17846,0.410792,0.171061,0.334194,88941,0.061617
"national","greens_geo",1937,0.00143,3513818,1443450,601078,1174298,735700809,17846,0.410792,0.171061,0.334194,88941,0.061617
"national","mamuli_ena",4429,0.00327,3513818,1443450,601078,1174298,735700809,17846,0.410792,0.171061,0.334194,88941,0.061617
"national","our_georgia",5365,0.003961,3513818,1443450,601078,1174298,735700809,17846,0.410792,0.171061,0.334194,88941,0.061617
"national","patriots",10969,0.008099,3513818,1443450,601078,1174298,735700809,17846,0.410792,0.171061,0.334194,88941,0.061617
"national","peoples_power",3342,0.002468,3513818,1443450,601078,1174298,735700809,17846,0.410792,0.171061,0.334194,88941,0.061617
"national","strong_georgia",91266,0.067385,3513818,1443450,601078,1174298,735700809,17846,0.410792,0.171061,0.334194,88941,0.061617
"1","conservatives_geo",13097,0.043233,1043482,325061,134881,273928,609386354,7134,0.311516,0.12926,0.262513,22113,0.068027
"1","free_georgia",2700,0.008913,1043482,325061,134881,273928,609386354,7134,0.311516,0.12926,0.262513,22113,0.068027
"1","gakharia",9653,0.031864,1043482,325061,134881,273928,609386354,7134,0.311516,0.12926,0.262513,22113,0.068027
"1","gd",212716,0.70217,1043482,325061,134881,273928,609386354,7134,0.311516,0.12926,0.262513,22113,0.068027
"1","georgia_party",971,0.003205,1043482,325061,134881,273928,609386354,7134,0.311516,0.12926,0.262513,22113,0.068027
"1","girchi",22649,0.074764,1043482,325061,134881,273928,609386354,7134,0.311516,0.12926,0.262513,22113,0.068027
"1","greens_geo",1937,0.006394,1043482,325061,134881,273928,609386354,7134,0.311516,0.12926,0.262513,22113,0.068027
"1","mamuli_ena",3083,0.010177,1043482,325061,134881,273928,609386354,7134,0.311516,0.12926,0.262513,22113,0.068027
"1","our_georgia",1764,0.005823,1043482,325061,134881,273928,609386354,7134,0.311516,0.12926,0.262513,22113,0.068027
"1","patriots",3228,0.010656,1043482,325061,134881,273928,609386354,7134,0.311516,0.12926,0.262513,22113,0.068027
"1","peoples_power",779,0.002571,1043482,325061,134881,273928,609386354,7134,0.311516,0.12926,0.262513,22113,0.068027
"1","strong_georgia",30364,0.100231,1043482,325061,134881,273928,609386354,7134,0.311516,0.12926,0.262513,22113,0.068027
"11","conservatives_geo",391,0.020396,46706,20116,7610,14962,1868056,184,0.430694,0.162934,0.320344,937,0.04658
"11","free_georgia",0,0,46706,20116,7610,14962,1868056,184,0.430694,0.162934,0.320344,937,0.04658
"11","gakharia",348,0.018153,46706,20116,7610,14962,1868056,184,0.430694,0.162934,0.320344,937,0.04658
"11","gd",17074,0.890662,46706,20116,7610,14962,1868056,184,0.430694,0.162934,0.320344,937,0.04658
"11","georgia_party",0,0,46706,20116,7610,14962,1868056,184,0.430694,0.162934,0.320344,937,0.04658
"11","girchi",0,0,46706,20116,7610,14962,1868056,184,0.430694,0.162934,0.320344,937,0.04658
"11","greens_geo",0,0,46706,20116,7610,14962,1868056,184,0.430694,0.162934,0.320344,937,0.04658
"11","mamuli_ena",0,0,46706,20116,7610,14962,1868056,184,0.430694,0.162934,0.320344,937,0.04658
"11","our_georgia",249,0.012989,46706,20116,7610,14962,1868056,184,0.430694,0.162934,0.320344,937,0.04658
"11","patriots",173,0.009025,46706,20116,7610,14962,1868056,184,0.430694,0.162934,0.320344,937,0.04658
"11","peoples_power",0,0,46706,20116,7610,14962,1868056,184,0.430694,0.162934,0.320344,937,0.04658
"11","strong_georgia",935,0.048774,46706,20116,7610,14962,1868056,184,0.430694,0.162934,0.320344,937,0.04658
"12","conservatives_geo",636,0.026677,49554,24994,8651,18023,2180229,147,0.504379,0.174577,0.363704,1153,0.046131
"12","free_georgia",0,0,49554,24994,8651,18023,2180229,147,0.504379,0.174577,0.363704,1153,0.046131
"12","gakharia",476,0.019966,49554,24994,8651,18023,2180229,147,0.504379,0.174577,0.363704,1153,0.046131
"12","gd",21476,0.900801,49554,24994,8651,18023,2180229,147,0.504379,0.174577,0.363704,1153,0.046131
"12","georgia_party",0,0,49554,24994,8651,18023,2180229,147,0.504379,0.174577,0.363704,1153,0.046131
"12","girchi",0,0,49554,24994,8651,18023,2180229,147,0.504379,0.174577,0.363704,1153,0.046131
"12","greens_geo",0,0,49554,24994,8651,18023,2180229,147,0.504379,0.174577,0.363704,1153,0.046131
"12","mamuli_ena",0,0,49554,24994,8651,18023,2180229,147,0.504379,0.174577,0.363704,1153,0.046131
"12","our_georgia",0,0,49554,24994,8651,18023,2180229,147,0.504379,0.174577,0.363704,1153,0.046131
"12","patriots",206,0.008641,49554,24994,8651,18023,2180229,147,0.504379,0.174577,0.363704,1153,0.046131
"12","peoples_power",0,0,49554,24994,8651,18023,2180229,147,0.504379,0.174577,0.363704,1153,0.046131
"12","strong_georgia",1047,0.043916,49554,24994,8651,18023,2180229,147,0.504379,0.174577,0.363704,1153,0.046131
"13","conservatives_geo",350,0.025976,27640,14212,5431,10977,690848,152,0.514182,0.196491,0.397142,736,0.051787
"13","free_georgia",0,0,27640,14212,5431,10977,690848,152,0.514182,0.196491,0.397142,736,0.051787
"13","gakharia",346,0.025679,27640,14212,5431,10977,690848,152,0.514182,0.196491,0.397142,736,0.051787
"13","gd",11853,0.879694,27640,14212,5431,10977,690848,152,0.514182,0.196491,0.397142,736,0.051787
"13","georgia_party",0,0,27640,14212,5431,10977,690848,152,0.514182,0.196491,0.397142,736,0.051787
"13","girchi",0,0,27640,14212,5431,10977,690848,152,0.514182,0.196491,0.397142,736,0.051787
"13","greens_geo",0,0,27640,14212,5431,10977,690848,152,0.514182,0.196491,0.397142,736,0.051787
"13","mamuli_ena",0,0,27640,14212,5431,10977,690848,152,0.514182,0.196491,0.397142,736,0.051787
"13","our_georgia",0,0,27640,14212,5431,10977,690848,152,0.514182,0.196491,0.397142,736,0.051787
"13","patriots",121,0.00898,27640,14212,5431,10977,690848,152,0.514182,0.196491,0.397142,736,0.051787
"13","peoples_power",0,0,27640,14212,5431,10977,690848,152,0.514182,0.196491,0.397142,736,0.051787
"13","strong_georgia",804,0.05967,27640,14212,5431,10977,690848,152,0.514182,0.196491,0.397142,736,0.051787
"14","conservatives_geo",322,0.03322,20253,10144,3939,7991,404883,177,0.500864,0.19449,0.394559,451,0.04446
"14","free_georgia",0,0,20253,10144,3939,7991,404883,177,0.500864,0.19449,0.394559,451,0.04446
"14","gakharia",182,0.018776,20253,10144,3939,7991,404883,177,0.500864,0.19449,0.394559,451,0.04446
"14","gd",8495,0.876406,20253,10144,3939,7991,404883,177,0.500864,0.19449,0.394559,451,0.04446
"14","georgia_party",0,0,20253,10144,3939,7991,404883,177,0.500864,0.19449,0.394559,451,0.04446
"14","girchi",0,0,20253,10144,3939,7991,404883,177,0.500864,0.19449,0.394559,451,0.04446
"14","greens_geo",0,0,20253,10144,3939,7991,404883,177,0.500864,0.19449,0.394559,451,0.04446
"14","mamuli_ena",0,0,20253,10144,3939,7991,404883,177,0.500864,0.19449,0.394559,451,0.04446
"14","our_georgia",0,0,20253,10144,3939,7991,404883,177,0.500864,0.19449,0.394559,451,0.04446
"14","patriots",103,0.010626,20253,10144,3939,7991,404883,177,0.500864,0.19449,0.394559,451,0.04446
"14","peoples_power",0,0,20253,10144,3939,7991,404883,177,0.500864,0.19449,0.394559,451,0.04446
"14","strong_georgia",591,0.060972,20253,10144,3939,7991,404883,177,0.500864,0.19449,0.394559,451,0.04446
"15","conservatives_geo",268,0.0163,38532,17522,6323,13821,1194370,122,0.454739,0.164097,0.358689,1080,0.061637
"15","free_georgia",0,0,38532,17522,6323,13821,1194370,122,0.454739,0.164097,0.358689,1080,0.061637
"15","gakharia",316,0.019219,38532,17522,6323,13821,1194370,122,0.454739,0.164097,0.358689,1080,0.061637
"15","gd",14658,0.891497,38532,17522,6323,13821,1194370,122,0.454739,0.164097,0.358689,1080,0.061637
"15","georgia_party",0,0,38532,17522,6323,13821,1194370,122,0.454739,0.164097,0.358689,1080,0.061637
"15","girchi",0,0,38532,17522,6323,13821,1194370,122,0.454739,0.164097,0.358689,1080,0.061637
"15","greens_geo",0,0,38532,17522,6323,13821,1194370,122,0.454739,0.164097,0.358689,1080,0.061637
"15","mamuli_ena",0,0,38532,17522,6323,13821,1194370,122,0.454739,0.164097,0.358689,1080,0.061637
"15","our_georgia",0,0,38532,17522,6323,13821,1194370,122,0.454739,0.164097,0.358689,1080,0.061637
"15","patriots",127,0.007724,38532,17522,6323,13821,1194370,122,0.454739,0.164097,0.358689,1080,0.061637
"15","peoples_power",94,0.005717,38532,17522,6323,13821,1194370,122,0.454739,0.164097,0.358689,1080,0.061637
"15","strong_georgia",979,0.059543,38532,17522,6323,13821,1194370,122,0.454739,0.164097,0.358689,1080,0.061637
"16","conservatives_geo",572,0.043909,27328,13771,4847,9973,792412,100,0.503915,0.177364,0.364937,743,0.053954
"16","free_georgia",0,0,27328,13771,4847,9973,792412,100,0.503915,0.177364,0.364937,743,0.053954
"16","gakharia",296,0.022722,27328,13771,4847,9973,792412,100,0.503915,0.177364,0.364937,743,0.053954
"16","gd",11317,0.868734,27328,13771,4847,9973,792412,100,0.503915,0.177364,0.364937,743,0.053954
"16","georgia_party",0,0,27328,13771,4847,9973,792412,100,0.503915,0.177364,0.364937,743,0.053954
"16","girchi",0,0,27328,13771,4847,9973,792412,100,0.503915,0.177364,0.364937,743,0.053954
"16","greens_geo",0,0,27328,13771,4847,9973,792412,100,0.503915,0.177364,0.364937,743,0.053954
"16","mamuli_ena",0,0,27328,13771,4847,9973,792412,100,0.503915,0.177364,0.364937,743,0.053954
"16","our_georgia",0,0,27328,13771,4847,9973,792412,100,0.503915,0.177364,0.364937,743,0.053954
"16","patriots",123,0.009442,27328,13771,4847,9973,792412,100,0.503915,0.177364,0.364937,743,0.053954
"16","peoples_power",0,0,27328,13771,4847,9973,792412,100,0.503915,0.177364,0.364937,743,0.053954
"16","strong_georgia",719,0.055193,27328,13771,4847,9973,792412,100,0.503915,0.177364,0.364937,743,0.053954
"17","conservatives_geo",841,0.038684,54949,23335,7963,17224,2362576,231,0.424667,0.144916,0.313454,1595,0.068352
"17","free_georgia",0,0,54949,23335,7963,17224,2362576,231,0.424667,0.144916,0.313454,1595,0.068352
"17","gakharia",749,0.034453,54949,23335,7963,17224,2362576,231,0.424667,0.144916,0.313454,1595,0.068352
"17","gd",18293,0.841444,54949,23335,7963,17224,2362576,231,0.424667,0.144916,0.313454,1595,0.068352
"17","georgia_party",0,0,54949,23335,7963,17224,2362576,231,0.424667,0.144916,0.313454,1595,0.068352
"17","girchi",0,0,54949,23335,7963,17224,2362576,231,0.424667,0.144916,0.313454,1595,0.068352
"17","greens_geo",0,0,54949,23335,7963,17224,2362576,231,0.424667,0.144916,0.313454,1595,0.068352
"17","mamuli_ena",0,0,54949,23335,7963,17224,2362576,231,0.424667,0.144916,0.313454,1595,0.068352
"17","our_georgia",0,0,54949,23335,7963,17224,2362576,231,0.424667,0.144916,0.313454,1595,0.068352
"17","patriots",327,0.015041,54949,23335,7963,17224,2362576,231,0.424667,0.144916,0.313454,1595,0.068352
"17","peoples_power",0,0,54949,23335,7963,17224,2362576,231,0.424667,0.144916,0.313454,1595,0.068352
"17","strong_georgia",1530,0.070377,54949,23335,7963,17224,2362576,231,0.424667,0.144916,0.313454,1595,0.068352
"18","conservatives_geo",283,0.026638,29598,11331,4023,8364,710246,106,0.38283,0.135921,0.282587,707,0.062395
"18","free_georgia",0,0,29598,11331,4023,8364,710246,106,0.38283,0.135921,0.282587,707,0.062395
"18","gakharia",402,0.037839,29598,11331,4023,8364,710246,106,0.38283,0.135921,0.282587,707,0.062395
"18","gd",8882,0.836032,29598,11331,4023,8364,710246,106,0.38283,0.135921,0.282587,707,0.062395
"18","georgia_party",0,0,29598,11331,4023,8364,710246,106,0.38283,0.135921,0.282587,707,0.062395
"18","girchi",253,0.023814,29598,11331,4023,8364,710246,106,0.38283,0.135921,0.282587,707,0.062395
"18","greens_geo",0,0,29598,11331,4023,8364,710246,106,0.38283,0.135921,0.282587,707,0.062395
"18","mamuli_ena",0,0,29598,11331,4023,8364,710246,106,0.38283,0.135921,0.282587,707,0.062395
"18","our_georgia",212,0.019955,29598,11331,4023,8364,710246,106,0.38283,0.135921,0.282587,707,0.062395
"18","patriots",75,0.007059,29598,11331,4023,8364,710246,106,0.38283,0.135921,0.282587,707,0.062395
"18","peoples_power",0,0,29598,11331,4023,8364,710246,106,0.38283,0.135921,0.282587,707,0.062395
"18","strong_georgia",517,0.048663,29598,11331,4023,8364,710246,106,0.38283,0.135921,0.282587,707,0.062395
"19","conservatives_geo",221,0.04151,10884,5658,2192,4620,217634,46,0.519846,0.201397,0.424476,334,0.059031
"19","free_georgia",0,0,10884,5658,2192,4620,217634,46,0.519846,0.201397,0.424476,334,0.059031
"19","gakharia",303,0.056912,10884,5658,2192,4620,217634,46,0.519846,0.201397,0.424476,334,0.059031
"19","gd",4425,0.831142,10884,5658,2192,4620,217634,46,0.519846,0.201397,0.424476,334,0.059031
"19","georgia_party",0,0,10884,5658,2192,4620,217634,46,0.519846,0.201397,0.424476,334,0.059031
"19","girchi",0,0,10884,5658,2192,4620,217634,46,0.519846,0.201397,0.424476,334,0.059031
"19","greens_geo",0,0,10884,5658,2192,4620,217634,46,0.519846,0.201397,0.424476,334,0.059031
"19","mamuli_ena",0,0,10884,5658,2192,4620,217634,46,0.519846,0.201397,0.424476,334,0.059031
"19","our_georgia",0,0,10884,5658,2192,4620,217634,46,0.519846,0.201397,0.424476,334,0.059031
"19","patriots",67,0.012585,10884,5658,2192,4620,217634,46,0.519846,0.201397,0.424476,334,0.059031
"19","peoples_power",0,0,10884,5658,2192,4620,217634,46,0.519846,0.201397,0.424476,334,0.059031
"19","strong_georgia",308,0.057851,10884,5658,2192,4620,217634,46,0.519846,0.201397,0.424476,334,0.059031
"20","conservatives_geo",1411,0.040893,106654,38351,18848,33235,6505025,869,0.359583,0.176721,0.311615,3847,0.10031
"20","free_georgia",572,0.016577,106654,38351,18848,33235,6505025,869,0.359583,0.176721,0.311615,3847,0.10031
"20","gakharia",2011,0.058281,106654,38351,18848,33235,6505025,869,0.359583,0.176721,0.311615,3847,0.10031
"20","gd",25544,0.740299,106654,38351,18848,33235,6505025,869,0.359583,0.176721,0.311615,3847,0.10031
"20","georgia_party",0,0,106654,38351,18848,33235,6505025,869,0.359583,0.176721,0.311615,3847,0.10031
"20","girchi",2111,0.06118,106654,38351,18848,33235,6505025,869,0.359583,0.176721,0.311615,3847,0.10031
"20","greens_geo",0,0,106654,38351,18848,33235,6505025,869,0.359583,0.176721,0.311615,3847,0.10031
"20","mamuli_ena",0,0,106654,38351,18848,33235,6505025,869,0.359583,0.176721,0.311615,3847,0.10031
"20","our_georgia",0,0,106654,38351,18848,33235,6505025,869,0.359583,0.176721,0.311615,3847,0.10031
"20","patriots",606,0.017563,106654,38351,18848,33235,6505025,869,0.359583,0.176721,0.311615,3847,0.10031
"20","peoples_power",234,0.006782,106654,38351,18848,33235,6505025,869,0.359583,0.176721,0.311615,3847,0.10031
"20","strong_georgia",2016,0.058426,106654,38351,18848,33235,6505025,869,0.359583,0.176721,0.311615,3847,0.10031
"21","conservatives_geo",343,0.011334,74755,31747,10592,22900,4036432,338,0.424681,0.14169,0.306334,1476,0.046493
"21","free_georgia",0,0,74755,31747,10592,22900,4036432,338,0.424681,0.14169,0.306334,1476,0.046493
"21","gakharia",267,0.008823,74755,31747,10592,22900,4036432,338,0.424681,0.14169,0.306334,1476,0.046493
"21","gd",28650,0.946732,74755,31747,10592,22900,4036432,338,0.424681,0.14169,0.306334,1476,0.046493
"21","georgia_party",0,0,74755,31747,10592,22900,4036432,338,0.424681,0.14169,0.306334,1476,0.046493
"21","girchi",0,0,74755,31747,10592,22900,4036432,338,0.424681,0.14169,0.306334,1476,0.046493
"21","greens_geo",0,0,74755,31747,10592,22900,4036432,338,0.424681,0.14169,0.306334,1476,0.046493
"21","mamuli_ena",0,0,74755,31747,10592,22900,4036432,338,0.424681,0.14169,0.306334,1476,0.046493
"21","our_georgia",0,0,74755,31747,10592,22900,4036432,338,0.424681,0.14169,0.306334,1476,0.046493
"21","patriots",121,0.003998,74755,31747,10592,22900,4036432,338,0.424681,0.14169,0.306334,1476,0.046493
"21","peoples_power",256,0.008459,74755,31747,10592,22900,4036432,338,0.424681,0.14169,0.306334,1476,0.046493
"21","strong_georgia",625,0.020653,74755,31747,10592,22900,4036432,338,0.424681,0.14169,0.306334,1476,0.046493
"22","conservatives_geo",134,0.002784,101962,49745,18228,38156,8258576,346,0.487878,0.178772,0.374218,1586,0.031883
"22","free_georgia",0,0,101962,49745,18228,38156,8258576,346,0.487878,0.178772,0.374218,1586,0.031883
"22","gakharia",141,0.00293,101962,49745,18228,38156,8258576,346,0.487878,0.178772,0.374218,1586,0.031883
"22","gd",43425,0.9023,101962,49745,18228,38156,8258576,346,0.487878,0.178772,0.374218,1586,0.031883
"22","georgia_party",0,0,101962,49745,18228,38156,8258576,346,0.487878,0.178772,0.374218,1586,0.031883
"22","girchi",0,0,101962,49745,18228,38156,8258576,346,0.487878,0.178772,0.374218,1586,0.031883
"22","greens_geo",0,0,101962,49745,18228,38156,8258576,346,0.487878,0.178772,0.374218,1586,0.031883
"22","mamuli_ena",0,0,101962,49745,18228,38156,8258576,346,0.487878,0.178772,0.374218,1586,0.031883
"22","our_georgia",700,0.014545,101962,49745,18228,38156,8258576,346,0.487878,0.178772,0.374218,1586,0.031883
"22","patriots",47,0.000977,101962,49745,18228,38156,8258576,346,0.487878,0.178772,0.374218,1586,0.031883
"22","peoples_power",377,0.007833,101962,49745,18228,38156,8258576,346,0.487878,0.178772,0.374218,1586,0.031883
"22","strong_georgia",3303,0.068631,101962,49745,18228,38156,8258576,346,0.487878,0.178772,0.374218,1586,0.031883
"23","conservatives_geo",140,0.005734,56625,25472,10571,20669,2944284,216,0.449837,0.186684,0.365015,1053,0.04134
"23","free_georgia",0,0,56625,25472,10571,20669,2944284,216,0.449837,0.186684,0.365015,1053,0.04134
"23","gakharia",99,0.004055,56625,25472,10571,20669,2944284,216,0.449837,0.186684,0.365015,1053,0.04134
"23","gd",22940,0.939509,56625,25472,10571,20669,2944284,216,0.449837,0.186684,0.365015,1053,0.04134
"23","georgia_party",0,0,56625,25472,10571,20669,2944284,216,0.449837,0.186684,0.365015,1053,0.04134
"23","girchi",0,0,56625,25472,10571,20669,2944284,216,0.449837,0.186684,0.365015,1053,0.04134
"23","greens_geo",0,0,56625,25472,10571,20669,2944284,216,0.449837,0.186684,0.365015,1053,0.04134
"23","mamuli_ena",0,0,56625,25472,10571,20669,2944284,216,0.449837,0.186684,0.365015,1053,0.04134
"23","our_georgia",0,0,56625,25472,10571,20669,2944284,216,0.449837,0.186684,0.365015,1053,0.04134
"23","patriots",68,0.002785,56625,25472,10571,20669,2944284,216,0.449837,0.186684,0.365015,1053,0.04134
"23","peoples_power",288,0.011795,56625,25472,10571,20669,2944284,216,0.449837,0.186684,0.365015,1053,0.04134
"23","strong_georgia",882,0.036122,56625,25472,10571,20669,2944284,216,0.449837,0.186684,0.365015,1053,0.04134
"24","conservatives_geo",182,0.016178,23291,11780,5143,10193,1164355,195,0.505775,0.220815,0.437637,526,0.044652
"24","free_georgia",0,0,23291,11780,5143,10193,1164355,195,0.505775,0.220815,0.437637,526,0.044652
"24","gakharia",50,0.004444,23291,11780,5143,10193,1164355,195,0.505775,0.220815,0.437637,526,0.044652
"24","gd",10435,0.927556,23291,11780,5143,10193,1164355,195,0.505775,0.220815,0.437637,526,0.044652
"24","georgia_party",0,0,23291,11780,5143,10193,1164355,195,0.505775,0.220815,0.437637,526,0.044652
"24","girchi",0,0,23291,11780,5143,10193,1164355,195,0.505775,0.220815,0.437637,526,0.044652
"24","greens_geo",0,0,23291,11780,5143,10193,1164355,195,0.505775,0.220815,0.437637,526,0.044652
"24","mamuli_ena",0,0,23291,11780,5143,10193,1164355,195,0.505775,0.220815,0.437637,526,0.044652
"24","our_georgia",64,0.005689,23291,11780,5143,10193,1164355,195,0.505775,0.220815,0.437637,526,0.044652
"24","patriots",0,0,23291,11780,5143,10193,1164355,195,0.505775,0.220815,0.437637,526,0.044652
"24","peoples_power",0,0,23291,11780,5143,10193,1164355,195,0.505775,0.220815,0.437637,526,0.044652
"24","strong_georgia",519,0.046133,23291,11780,5143,10193,1164355,195,0.505775,0.220815,0.437637,526,0.044652
"25","conservatives_geo",38,0.00473,19727,8686,3433,7231,769281,72,0.44031,0.174025,0.366553,652,0.075063
"25","free_georgia",0,0,19727,8686,3433,7231,769281,72,0.44031,0.174025,0.366553,652,0.075063
"25","gakharia",118,0.014688,19727,8686,3433,7231,769281,72,0.44031,0.174025,0.366553,652,0.075063
"25","gd",7109,0.884864,19727,8686,3433,7231,769281,72,0.44031,0.174025,0.366553,652,0.075063
"25","georgia_party",0,0,19727,8686,3433,7231,769281,72,0.44031,0.174025,0.366553,652,0.075063
"25","girchi",0,0,19727,8686,3433,7231,769281,72,0.44031,0.174025,0.366553,652,0.075063
"25","greens_geo",0,0,19727,8686,3433,7231,769281,72,0.44031,0.174025,0.366553,652,0.075063
"25","mamuli_ena",0,0,19727,8686,3433,7231,769281,72,0.44031,0.174025,0.366553,652,0.075063
"25","our_georgia",111,0.013816,19727,8686,3433,7231,769281,72,0.44031,0.174025,0.366553,652,0.075063
"25","patriots",11,0.001369,19727,8686,3433,7231,769281,72,0.44031,0.174025,0.366553,652,0.075063
"25","peoples_power",212,0.026388,19727,8686,3433,7231,769281,72,0.44031,0.174025,0.366553,652,0.075063
"25","strong_georgia",435,0.054145,19727,8686,3433,7231,769281,72,0.44031,0.174025,0.366553,652,0.075063
"26","conservatives_geo",253,0.026741,20306,9978,4570,8663,812142,98,0.491382,0.225057,0.426623,517,0.051814
"26","free_georgia",0,0,20306,9978,4570,8663,812142,98,0.491382,0.225057,0.426623,517,0.051814
"26","gakharia",276,0.029172,20306,9978,4570,8663,812142,98,0.491382,0.225057,0.426623,517,0.051814
"26","gd",8236,0.870521,20306,9978,4570,8663,812142,98,0.491382,0.225057,0.426623,517,0.051814
"26","georgia_party",0,0,20306,9978,4570,8663,812142,98,0.491382,0.225057,0.426623,517,0.051814
"26","girchi",0,0,20306,9978,4570,8663,812142,98,0.491382,0.225057,0.426623,517,0.051814
"26","greens_geo",0,0,20306,9978,4570,8663,812142,98,0.491382,0.225057,0.426623,517,0.051814
"26","mamuli_ena",0,0,20306,9978,4570,8663,812142,98,0.491382,0.225057,0.426623,517,0.051814
"26","our_georgia",0,0,20306,9978,4570,8663,812142,98,0.491382,0.225057,0.426623,517,0.051814
"26","patriots",0,0,20306,9978,4570,8663,812142,98,0.491382,0.225057,0.426623,517,0.051814
"26","peoples_power",0,0,20306,9978,4570,8663,812142,98,0.491382,0.225057,0.426623,517,0.051814
"26","strong_georgia",696,0.073565,20306,9978,4570,8663,812142,98,0.491382,0.225057,0.426623,517,0.051814
"27","conservatives_geo",497,0.025557,45178,20425,7802,15929,1806898,222,0.452101,0.172695,0.352583,975,0.047736
"27","free_georgia",0,0,45178,20425,7802,15929,1806898,222,0.452101,0.172695,0.352583,975,0.047736
"27","gakharia",657,0.033784,45178,20425,7802,15929,1806898,222,0.452101,0.172695,0.352583,975,0.047736
"27","gd",16325,0.839461,45178,20425,7802,15929,1806898,222,0.452101,0.172695,0.352583,975,0.047736
"27","georgia_party",0,0,45178,20425,7802,15929,1806898,222,0.452101,0.172695,0.352583,975,0.047736
"27","girchi",657,0.033784,45178,20425,7802,15929,1806898,222,0.452101,0.172695,0.352583,975,0.047736
"27","greens_geo",0,0,45178,20425,7802,15929,1806898,222,0.452101,0.172695,0.352583,975,0.047736
"27","mamuli_ena",0,0,45178,20425,7802,15929,1806898,222,0.452101,0.172695,0.352583,975,0.047736
"27","our_georgia",0,0,45178,20425,7802,15929,1806898,222,0.452101,0.172695,0.352583,975,0.047736
"27","patriots",232,0.01193,45178,20425,7802,15929,1806898,222,0.452101,0.172695,0.352583,975,0.047736
"27","peoples_power",0,0,45178,20425,7802,15929,1806898,222,0.452101,0.172695,0.352583,975,0.047736
"27","strong_georgia",1079,0.055484,45178,20425,7802,15929,1806898,222,0.452101,0.172695,0.352583,975,0.047736
"28","conservatives_geo",421,0.040953,27482,10961,4354,8669,1346414,204,0.398843,0.158431,0.315443,678,0.061856
"28","free_georgia",0,0,27482,10961,4354,8669,1346414,204,0.398843,0.158431,0.315443,678,0.061856
"28","gakharia",370,0.035992,27482,10961,4354,8669,1346414,204,0.398843,0.158431,0.315443,678,0.061856
"28","gd",8367,0.813911,27482,10961,4354,8669,1346414,204,0.398843,0.158431,0.315443,678,0.061856
"28","georgia_party",0,0,27482,10961,4354,8669,1346414,204,0.398843,0.158431,0.315443,678,0.061856
"28","girchi",315,0.030642,27482,10961,4354,8669,1346414,204,0.398843,0.158431,0.315443,678,0.061856
"28","greens_geo",0,0,27482,10961,4354,8669,1346414,204,0.398843,0.158431,0.315443,678,0.061856
"28","mamuli_ena",0,0,27482,10961,4354,8669,1346414,204,0.398843,0.158431,0.315443,678,0.061856
"28","our_georgia",0,0,27482,10961,4354,8669,1346414,204,0.398843,0.158431,0.315443,678,0.061856
"28","patriots",182,0.017704,27482,10961,4354,8669,1346414,204,0.398843,0.158431,0.315443,678,0.061856
"28","peoples_power",0,0,27482,10961,4354,8669,1346414,204,0.398843,0.158431,0.315443,678,0.061856
"28","strong_georgia",625,0.060798,27482,10961,4354,8669,1346414,204,0.398843,0.158431,0.315443,678,0.061856
"29","conservatives_geo",164,0.057524,5856,3029,1171,2350,58480,80,0.517247,0.199966,0.401298,177,0.058435
"29","free_georgia",116,0.040687,5856,3029,1171,2350,58480,80,0.517247,0.199966,0.401298,177,0.058435
"29","gakharia",143,0.050158,5856,3029,1171,2350,58480,80,0.517247,0.199966,0.401298,177,0.058435
"29","gd",2186,0.766749,5856,3029,1171,2350,58480,80,0.517247,0.199966,0.401298,177,0.058435
"29","georgia_party",0,0,5856,3029,1171,2350,58480,80,0.517247,0.199966,0.401298,177,0.058435
"29","girchi",0,0,5856,3029,1171,2350,58480,80,0.517247,0.199966,0.401298,177,0.058435
"29","greens_geo",0,0,5856,3029,1171,2350,58480,80,0.517247,0.199966,0.401298,177,0.058435
"29","mamuli_ena",0,0,5856,3029,1171,2350,58480,80,0.517247,0.199966,0.401298,177,0.058435
"29","our_georgia",0,0,5856,3029,1171,2350,58480,80,0.517247,0.199966,0.401298,177,0.058435
"29","patriots",128,0.044897,5856,3029,1171,2350,58480,80,0.517247,0.199966,0.401298,177,0.058435
"29","peoples_power",0,0,5856,3029,1171,2350,58480,80,0.517247,0.199966,0.401298,177,0.058435
"29","strong_georgia",114,0.039986,5856,3029,1171,2350,58480,80,0.517247,0.199966,0.401298,177,0.058435
"30","conservatives_geo",372,0.023108,38914,16992,7639,13915,1284054,108,0.436655,0.196305,0.357583,893,0.052554
"30","free_georgia",0,0,38914,16992,7639,13915,1284054,108,0.436655,0.196305,0.357583,893,0.052554
"30","gakharia",625,0.038825,38914,16992,7639,13915,1284054,108,0.436655,0.196305,0.357583,893,0.052554
"30","gd",13705,0.851348,38914,16992,7639,13915,1284054,108,0.436655,0.196305,0.357583,893,0.052554
"30","georgia_party",0,0,38914,16992,7639,13915,1284054,108,0.436655,0.196305,0.357583,893,0.052554
"30","girchi",468,0.029072,38914,16992,7639,13915,1284054,108,0.436655,0.196305,0.357583,893,0.052554
"30","greens_geo",0,0,38914,16992,7639,13915,1284054,108,0.436655,0.196305,0.357583,893,0.052554
"30","mamuli_ena",0,0,38914,16992,7639,13915,1284054,108,0.436655,0.196305,0.357583,893,0.052554
"30","our_georgia",0,0,38914,16992,7639,13915,1284054,108,0.436655,0.196305,0.357583,893,0.052554
"30","patriots",151,0.00938,38914,16992,7639,13915,1284054,108,0.436655,0.196305,0.357583,893,0.052554
"30","peoples_power",0,0,38914,16992,7639,13915,1284054,108,0.436655,0.196305,0.357583,893,0.052554
"30","strong_georgia",777,0.048267,38914,16992,7639,13915,1284054,108,0.436655,0.196305,0.357583,893,0.052554
"32","conservatives_geo",1764,0.040937,111784,45552,19523,35725,10618967,513,0.4075,0.174649,0.31959,2456,0.053916
"32","free_georgia",0,0,111784,45552,19523,35725,10618967,513,0.4075,0.174649,0.31959,2456,0.053916
"32","gakharia",1643,0.038129,111784,45552,19523,35725,10618967,513,0.4075,0.174649,0.31959,2456,0.053916
"32","gd",34766,0.806804,111784,45552,19523,35725,10618967,513,0.4075,0.174649,0.31959,2456,0.053916
"32","georgia_party",0,0,111784,45552,19523,35725,10618967,513,0.4075,0.174649,0.31959,2456,0.053916
"32","girchi",1282,0.029751,111784,45552,19523,35725,10618967,513,0.4075,0.174649,0.31959,2456,0.053916
"32","greens_geo",0,0,111784,45552,19523,35725,10618967,513,0.4075,0.174649,0.31959,2456,0.053916
"32","mamuli_ena",0,0,111784,45552,19523,35725,10618967,513,0.4075,0.174649,0.31959,2456,0.053916
"32","our_georgia",0,0,111784,45552,19523,35725,10618967,513,0.4075,0.174649,0.31959,2456,0.053916
"32","patriots",401,0.009306,111784,45552,19523,35725,10618967,513,0.4075,0.174649,0.31959,2456,0.053916
"32","peoples_power",0,0,111784,45552,19523,35725,10618967,513,0.4075,0.174649,0.31959,2456,0.053916
"32","strong_georgia",3235,0.075074,111784,45552,19523,35725,10618967,513,0.4075,0.174649,0.31959,2456,0.053916
"33","conservatives_geo",305,0.019764,37335,16455,6836,12711,1306611,114,0.440739,0.183099,0.340458,1023,0.06217
"33","free_georgia",0,0,37335,16455,6836,12711,1306611,114,0.440739,0.183099,0.340458,1023,0.06217
"33","gakharia",714,0.046267,37335,16455,6836,12711,1306611,114,0.440739,0.183099,0.340458,1023,0.06217
"33","gd",13089,0.848173,37335,16455,6836,12711,1306611,114,0.440739,0.183099,0.340458,1023,0.06217
"33","georgia_party",0,0,37335,16455,6836,12711,1306611,114,0.440739,0.183099,0.340458,1023,0.06217
"33","girchi",0,0,37335,16455,6836,12711,1306611,114,0.440739,0.183099,0.340458,1023,0.06217
"33","greens_geo",0,0,37335,16455,6836,12711,1306611,114,0.440739,0.183099,0.340458,1023,0.06217
"33","mamuli_ena",225,0.01458,37335,16455,6836,12711,1306611,114,0.440739,0.183099,0.340458,1023,0.06217
"33","our_georgia",0,0,37335,16455,6836,12711,1306611,114,0.440739,0.183099,0.340458,1023,0.06217
"33","patriots",168,0.010886,37335,16455,6836,12711,1306611,114,0.440739,0.183099,0.340458,1023,0.06217
"33","peoples_power",0,0,37335,16455,6836,12711,1306611,114,0.440739,0.183099,0.340458,1023,0.06217
"33","strong_georgia",931,0.060329,37335,16455,6836,12711,1306611,114,0.440739,0.183099,0.340458,1023,0.06217
"35","conservatives_geo",752,0.039998,47800,20292,8387,16286,1816215,185,0.424519,0.17546,0.340711,1492,0.073527
"35","free_georgia",0,0,47800,20292,8387,16286,1816215,185,0.424519,0.17546,0.340711,1492,0.073527
"35","gakharia",959,0.051008,47800,20292,8387,16286,1816215,185,0.424519,0.17546,0.340711,1492,0.073527
"35","gd",14479,0.770119,47800,20292,8387,16286,1816215,185,0.424519,0.17546,0.340711,1492,0.073527
"35","georgia_party",0,0,47800,20292,8387,16286,1816215,185,0.424519,0.17546,0.340711,1492,0.073527
"35","girchi",1013,0.05388,47800,20292,8387,16286,1816215,185,0.424519,0.17546,0.340711,1492,0.073527
"35","greens_geo",0,0,47800,20292,8387,16286,1816215,185,0.424519,0.17546,0.340711,1492,0.073527
"35","mamuli_ena",0,0,47800,20292,8387,16286,1816215,185,0.424519,0.17546,0.340711,1492,0.073527
"35","our_georgia",0,0,47800,20292,8387,16286,1816215,185,0.424519,0.17546,0.340711,1492,0.073527
"35","patriots",252,0.013404,47800,20292,8387,16286,1816215,185,0.424519,0.17546,0.340711,1492,0.073527
"35","peoples_power",0,0,47800,20292,8387,16286,1816215,185,0.424519,0.17546,0.340711,1492,0.073527
"35","strong_georgia",1346,0.071592,47800,20292,8387,16286,1816215,185,0.424519,0.17546,0.340711,1492,0.073527
"36","conservatives_geo",492,0.038906,26887,13418,5637,11315,672099,76,0.499052,0.209655,0.420835,772,0.057535
"36","free_georgia",0,0,26887,13418,5637,11315,672099,76,0.499052,0.209655,0.420835,772,0.057535
"36","gakharia",321,0.025384,26887,13418,5637,11315,672099,76,0.499052,0.209655,0.420835,772,0.057535
"36","gd",10647,0.841926,26887,13418,5637,11315,672099,76,0.499052,0.209655,0.420835,772,0.057535
"36","georgia_party",0,0,26887,13418,5637,11315,672099,76,0.499052,0.209655,0.420835,772,0.057535
"36","girchi",0,0,26887,13418,5637,11315,672099,76,0.499052,0.209655,0.420835,772,0.057535
"36","greens_geo",0,0,26887,13418,5637,11315,672099,76,0.499052,0.209655,0.420835,772,0.057535
"36","mamuli_ena",0,0,26887,13418,5637,11315,672099,76,0.499052,0.209655,0.420835,772,0.057535
"36","our_georgia",0,0,26887,13418,5637,11315,672099,76,0.499052,0.209655,0.420835,772,0.057535
"36","patriots",292,0.02309,26887,13418,5637,11315,672099,76,0.499052,0.209655,0.420835,772,0.057535
"36","peoples_power",0,0,26887,13418,5637,11315,672099,76,0.499052,0.209655,0.420835,772,0.057535
"36","strong_georgia",894,0.070694,26887,13418,5637,11315,672099,76,0.499052,0.209655,0.420835,772,0.057535
"37","conservatives_geo",237,0.014297,33662,17635,7465,14717,942394,142,0.523884,0.221763,0.437199,1058,0.059994
"37","free_georgia",0,0,33662,17635,7465,14717,942394,142,0.523884,0.221763,0.437199,1058,0.059994
"37","gakharia",405,0.024431,33662,17635,7465,14717,942394,142,0.523884,0.221763,0.437199,1058,0.059994
"37","gd",14724,0.888219,33662,17635,7465,14717,942394,142,0.523884,0.221763,0.437199,1058,0.059994
"37","georgia_party",0,0,33662,17635,7465,14717,942394,142,0.523884,0.221763,0.437199,1058,0.059994
"37","girchi",354,0.021355,33662,17635,7465,14717,942394,142,0.523884,0.221763,0.437199,1058,0.059994
"37","greens_geo",0,0,33662,17635,7465,14717,942394,142,0.523884,0.221763,0.437199,1058,0.059994
"37","mamuli_ena",0,0,33662,17635,7465,14717,942394,142,0.523884,0.221763,0.437199,1058,0.059994
"37","our_georgia",0,0,33662,17635,7465,14717,942394,142,0.523884,0.221763,0.437199,1058,0.059994
"37","patriots",111,0.006696,33662,17635,7465,14717,942394,142,0.523884,0.221763,0.437199,1058,0.059994
"37","peoples_power",0,0,33662,17635,7465,14717,942394,142,0.523884,0.221763,0.437199,1058,0.059994
"37","strong_georgia",746,0.045002,33662,17635,7465,14717,942394,142,0.523884,0.221763,0.437199,1058,0.059994
"38","conservatives_geo",148,0.017126,15408,9223,4333,7836,261857,79,0.598585,0.281218,0.508567,581,0.062995
"38","free_georgia",0,0,15408,9223,4333,7836,261857,79,0.598585,0.281218,0.508567,581,0.062995
"38","gakharia",177,0.020481,15408,9223,4333,7836,261857,79,0.598585,0.281218,0.508567,581,0.062995
"38","gd",7829,0.905925,15408,9223,4333,7836,261857,79,0.598585,0.281218,0.508567,581,0.062995
"38","georgia_party",0,0,15408,9223,4333,7836,261857,79,0.598585,0.281218,0.508567,581,0.062995
"38","girchi",0,0,15408,9223,4333,7836,261857,79,0.598585,0.281218,0.508567,581,0.062995
"38","greens_geo",0,0,15408,9223,4333,7836,261857,79,0.598585,0.281218,0.508567,581,0.062995
"38","mamuli_ena",0,0,15408,9223,4333,7836,261857,79,0.598585,0.281218,0.508567,581,0.062995
"38","our_georgia",0,0,15408,9223,4333,7836,261857,79,0.598585,0.281218,0.508567,581,0.062995
"38","patriots",0,0,15408,9223,4333,7836,261857,79,0.598585,0.281218,0.508567,581,0.062995
"38","peoples_power",0,0,15408,9223,4333,7836,261857,79,0.598585,0.281218,0.508567,581,0.062995
"38","strong_georgia",488,0.056468,15408,9223,4333,7836,261857,79,0.598585,0.281218,0.508567,581,0.062995
"39","conservatives_geo",67,0.010265,9761,6766,3138,5731,224392,111,0.693167,0.321483,0.587132,237,0.035028
"39","free_georgia",0,0,9761,6766,3138,5731,224392,111,0.693167,0.321483,0.587132,237,0.035028
"39","gakharia",84,0.01287,9761,6766,3138,5731,224392,111,0.693167,0.321483,0.587132,237,0.035028
"39","gd",6002,0.919565,9761,6766,3138,5731,224392,111,0.693167,0.321483,0.587132,237,0.035028
"39","georgia_party",0,0,9761,6766,3138,5731,224392,111,0.693167,0.321483,0.587132,237,0.035028
"39","girchi",0,0,9761,6766,3138,5731,224392,111,0.693167,0.321483,0.587132,237,0.035028
"39","greens_geo",0,0,9761,6766,3138,5731,224392,111,0.693167,0.321483,0.587132,237,0.035028
"39","mamuli_ena",0,0,9761,6766,3138,5731,224392,111,0.693167,0.321483,0.587132,237,0.035028
"39","our_georgia",0,0,9761,6766,3138,5731,224392,111,0.693167,0.321483,0.587132,237,0.035028
"39","patriots",0,0,9761,6766,3138,5731,224392,111,0.693167,0.321483,0.587132,237,0.035028
"39","peoples_power",0,0,9761,6766,3138,5731,224392,111,0.693167,0.321483,0.587132,237,0.035028
"39","strong_georgia",374,0.0573,9761,6766,3138,5731,224392,111,0.693167,0.321483,0.587132,237,0.035028
"40","conservatives_geo",0,0,38027,22096,8480,16125,2395571,130,0.581061,0.222999,0.424041,431,0.019506
"40","free_georgia",0,0,38027,22096,8480,16125,2395571,130,0.581061,0.222999,0.424041,431,0.019506
"40","gakharia",99,0.00457,38027,22096,8480,16125,2395571,130,0.581061,0.222999,0.424041,431,0.019506
"40","gd",21015,0.969998,38027,22096,8480,16125,2395571,130,0.581061,0.222999,0.424041,431,0.019506
"40","georgia_party",0,0,38027,22096,8480,16125,2395571,130,0.581061,0.222999,0.424041,431,0.019506
"40","girchi",0,0,38027,22096,8480,16125,2395571,130,0.581061,0.222999,0.424041,431,0.019506
"40","greens_geo",0,0,38027,22096,8480,16125,2395571,130,0.581061,0.222999,0.424041,431,0.019506
"40","mamuli_ena",0,0,38027,22096,8480,16125,2395571,130,0.581061,0.222999,0.424041,431,0.019506
"40","our_georgia",0,0,38027,22096,8480,16125,2395571,130,0.581061,0.222999,0.424041,431,0.019506
"40","patriots",60,0.002769,38027,22096,8480,16125,2395571,130,0.581061,0.222999,0.424041,431,0.019506
"40","peoples_power",0,0,38027,22096,8480,16125,2395571,130,0.581061,0.222999,0.424041,431,0.019506
"40","strong_georgia",491,0.022663,38027,22096,8480,16125,2395571,130,0.581061,0.222999,0.424041,431,0.019506
"41","conservatives_geo",0,0,21018,12506,4950,9540,735534,96,0.595014,0.235512,0.453897,587,0.046937
"41","free_georgia",0,0,21018,12506,4950,9540,735534,96,0.595014,0.235512,0.453897,587,0.046937
"41","gakharia",68,0.005705,21018,12506,4950,9540,735534,96,0.595014,0.235512,0.453897,587,0.046937
"41","gd",11725,0.983723,21018,12506,4950,9540,735534,96,0.595014,0.235512,0.453897,587,0.046937
"41","georgia_party",0,0,21018,12506,4950,9540,735534,96,0.595014,0.235512,0.453897,587,0.046937
"41","girchi",0,0,21018,12506,4950,9540,735534,96,0.595014,0.235512,0.453897,587,0.046937
"41","greens_geo",0,0,21018,12506,4950,9540,735534,96,0.595014,0.235512,0.453897,587,0.046937
"41","mamuli_ena",0,0,21018,12506,4950,9540,735534,96,0.595014,0.235512,0.453897,587,0.046937
"41","our_georgia",0,0,21018,12506,4950,9540,735534,96,0.595014,0.235512,0.453897,587,0.046937
"41","patriots",0,0,21018,12506,4950,9540,735534,96,0.595014,0.235512,0.453897,587,0.046937
"41","peoples_power",126,0.010571,21018,12506,4950,9540,735534,96,0.595014,0.235512,0.453897,587,0.046937
"41","strong_georgia",0,0,21018,12506,4950,9540,735534,96,0.595014,0.235512,0.453897,587,0.046937
"43","conservatives_geo",143,0.038503,6991,3941,1837,3375,160699,94,0.563725,0.262766,0.482764,228,0.057853
"43","free_georgia",0,0,6991,3941,1837,3375,160699,94,0.563725,0.262766,0.482764,228,0.057853
"43","gakharia",265,0.071352,6991,3941,1837,3375,160699,94,0.563725,0.262766,0.482764,228,0.057853
"43","gd",2712,0.73021,6991,3941,1837,3375,160699,94,0.563725,0.262766,0.482764,228,0.057853
"43","georgia_party",0,0,6991,3941,1837,3375,160699,94,0.563725,0.262766,0.482764,228,0.057853
"43","girchi",114,0.030695,6991,3941,1837,3375,160699,94,0.563725,0.262766,0.482764,228,0.057853
"43","greens_geo",0,0,6991,3941,1837,3375,160699,94,0.563725,0.262766,0.482764,228,0.057853
"43","mamuli_ena",0,0,6991,3941,1837,3375,160699,94,0.563725,0.262766,0.482764,228,0.057853
"43","our_georgia",0,0,6991,3941,1837,3375,160699,94,0.563725,0.262766,0.482764,228,0.057853
"43","patriots",73,0.019655,6991,3941,1837,3375,160699,94,0.563725,0.262766,0.482764,228,0.057853
"43","peoples_power",0,0,6991,3941,1837,3375,160699,94,0.563725,0.262766,0.482764,228,0.057853
"43","strong_georgia",407,0.109585,6991,3941,1837,3375,160699,94,0.563725,0.262766,0.482764,228,0.057853
"44","conservatives_geo",240,0.035907,11680,7069,3833,6347,432061,99,0.605223,0.328168,0.543408,384,0.054322
"44","free_georgia",0,0,11680,7069,3833,6347,432061,99,0.605223,0.328168,0.543408,384,0.054322
"44","gakharia",182,0.027229,11680,7069,3833,6347,432061,99,0.605223,0.328168,0.543408,384,0.054322
"44","gd",5466,0.817774,11680,7069,3833,6347,432061,99,0.605223,0.328168,0.543408,384,0.054322
"44","georgia_party",0,0,11680,7069,3833,6347,432061,99,0.605223,0.328168,0.543408,384,0.054322
"44","girchi",195,0.029174,11680,7069,3833,6347,432061,99,0.605223,0.328168,0.543408,384,0.054322
"44","greens_geo",0,0,11680,7069,3833,6347,432061,99,0.605223,0.328168,0.543408,384,0.054322
"44","mamuli_ena",0,0,11680,7069,3833,6347,432061,99,0.605223,0.328168,0.543408,384,0.054322
"44","our_georgia",0,0,11680,7069,3833,6347,432061,99,0.605223,0.328168,0.543408,384,0.054322
"44","patriots",78,0.01167,11680,7069,3833,6347,432061,99,0.605223,0.328168,0.543408,384,0.054322
"44","peoples_power",47,0.007032,11680,7069,3833,6347,432061,99,0.605223,0.328168,0.543408,384,0.054322
"44","strong_georgia",476,0.071215,11680,7069,3833,6347,432061,99,0.605223,0.328168,0.543408,384,0.054322
"45","conservatives_geo",148,0.025575,10446,6101,3266,5411,428189,97,0.584051,0.312656,0.517997,314,0.051467
"45","free_georgia",0,0,10446,6101,3266,5411,428189,97,0.584051,0.312656,0.517997,314,0.051467
"45","gakharia",234,0.040435,10446,6101,3266,5411,428189,97,0.584051,0.312656,0.517997,314,0.051467
"45","gd",4765,0.823397,10446,6101,3266,5411,428189,97,0.584051,0.312656,0.517997,314,0.051467
"45","georgia_party",0,0,10446,6101,3266,5411,428189,97,0.584051,0.312656,0.517997,314,0.051467
"45","girchi",0,0,10446,6101,3266,5411,428189,97,0.584051,0.312656,0.517997,314,0.051467
"45","greens_geo",0,0,10446,6101,3266,5411,428189,97,0.584051,0.312656,0.517997,314,0.051467
"45","mamuli_ena",0,0,10446,6101,3266,5411,428189,97,0.584051,0.312656,0.517997,314,0.051467
"45","our_georgia",0,0,10446,6101,3266,5411,428189,97,0.584051,0.312656,0.517997,314,0.051467
"45","patriots",0,0,10446,6101,3266,5411,428189,97,0.584051,0.312656,0.517997,314,0.051467
"45","peoples_power",0,0,10446,6101,3266,5411,428189,97,0.584051,0.312656,0.517997,314,0.051467
"45","strong_georgia",640,0.110593,10446,6101,3266,5411,428189,97,0.584051,0.312656,0.517997,314,0.051467
"46","conservatives_geo",26,0.008153,5766,3284,1579,2787,132517,101,0.569546,0.273847,0.483351,92,0.028015
"46","free_georgia",0,0,5766,3284,1579,2787,132517,101,0.569546,0.273847,0.483351,92,0.028015
"46","gakharia",160,0.050172,5766,3284,1579,2787,132517,101,0.569546,0.273847,0.483351,92,0.028015
"46","gd",2631,0.825024,5766,3284,1579,2787,132517,101,0.569546,0.273847,0.483351,92,0.028015
"46","georgia_party",0,0,5766,3284,1579,2787,132517,101,0.569546,0.273847,0.483351,92,0.028015
"46","girchi",79,0.024773,5766,3284,1579,2787,132517,101,0.569546,0.273847,0.483351,92,0.028015
"46","greens_geo",0,0,5766,3284,1579,2787,132517,101,0.569546,0.273847,0.483351,92,0.028015
"46","mamuli_ena",0,0,5766,3284,1579,2787,132517,101,0.569546,0.273847,0.483351,92,0.028015
"46","our_georgia",0,0,5766,3284,1579,2787,132517,101,0.569546,0.273847,0.483351,92,0.028015
"46","patriots",0,0,5766,3284,1579,2787,132517,101,0.569546,0.273847,0.483351,92,0.028015
"46","peoples_power",0,0,5766,3284,1579,2787,132517,101,0.569546,0.273847,0.483351,92,0.028015
"46","strong_georgia",293,0.091878,5766,3284,1579,2787,132517,101,0.569546,0.273847,0.483351,92,0.028015
"47","conservatives_geo",180,0.039648,9040,4731,1953,3854,361489,111,0.523341,0.21604,0.426327,191,0.040372
"47","free_georgia",0,0,9040,4731,1953,3854,361489,111,0.523341,0.21604,0.426327,191,0.040372
"47","gakharia",169,0.037225,9040,4731,1953,3854,361489,111,0.523341,0.21604,0.426327,191,0.040372
"47","gd",3879,0.854405,9040,4731,1953,3854,361489,111,0.523341,0.21604,0.426327,191,0.040372
"47","georgia_party",0,0,9040,4731,1953,3854,361489,111,0.523341,0.21604,0.426327,191,0.040372
"47","girchi",0,0,9040,4731,1953,3854,361489,111,0.523341,0.21604,0.426327,191,0.040372
"47","greens_geo",0,0,9040,4731,1953,3854,361489,111,0.523341,0.21604,0.426327,191,0.040372
"47","mamuli_ena",0,0,9040,4731,1953,3854,361489,111,0.523341,0.21604,0.426327,191,0.040372
"47","our_georgia",0,0,9040,4731,1953,3854,361489,111,0.523341,0.21604,0.426327,191,0.040372
"47","patriots",0,0,9040,4731,1953,3854,361489,111,0.523341,0.21604,0.426327,191,0.040372
"47","peoples_power",0,0,9040,4731,1953,3854,361489,111,0.523341,0.21604,0.426327,191,0.040372
"47","strong_georgia",312,0.068722,9040,4731,1953,3854,361489,111,0.523341,0.21604,0.426327,191,0.040372
"48","conservatives_geo",143,0.012942,18791,11637,5001,9860,695195,72,0.619286,0.266138,0.524719,585,0.050271
"48","free_georgia",0,0,18791,11637,5001,9860,695195,72,0.619286,0.266138,0.524719,585,0.050271
"48","gakharia",473,0.042809,18791,11637,5001,9860,695195,72,0.619286,0.266138,0.524719,585,0.050271
"48","gd",9206,0.833198,18791,11637,5001,9860,695195,72,0.619286,0.266138,0.524719,585,0.050271
"48","georgia_party",0,0,18791,11637,5001,9860,695195,72,0.619286,0.266138,0.524719,585,0.050271
"48","girchi",0,0,18791,11637,5001,9860,695195,72,0.619286,0.266138,0.524719,585,0.050271
"48","greens_geo",0,0,18791,11637,5001,9860,695195,72,0.619286,0.266138,0.524719,585,0.050271
"48","mamuli_ena",0,0,18791,11637,5001,9860,695195,72,0.619286,0.266138,0.524719,585,0.050271
"48","our_georgia",0,0,18791,11637,5001,9860,695195,72,0.619286,0.266138,0.524719,585,0.050271
"48","patriots",180,0.016291,18791,11637,5001,9860,695195,72,0.619286,0.266138,0.524719,585,0.050271
"48","peoples_power",0,0,18791,11637,5001,9860,695195,72,0.619286,0.266138,0.524719,585,0.050271
"48","strong_georgia",1047,0.09476,18791,11637,5001,9860,695195,72,0.619286,0.266138,0.524719,585,0.050271
"49","conservatives_geo",469,0.028853,31928,17402,7460,13993,957787,53,0.545039,0.233651,0.438267,1145,0.065797
"49","free_georgia",0,0,31928,17402,7460,13993,957787,53,0.545039,0.233651,0.438267,1145,0.065797
"49","gakharia",390,0.023993,31928,17402,7460,13993,957787,53,0.545039,0.233651,0.438267,1145,0.065797
"49","gd",14074,0.865826,31928,17402,7460,13993,957787,53,0.545039,0.233651,0.438267,1145,0.065797
"49","georgia_party",0,0,31928,17402,7460,13993,957787,53,0.545039,0.233651,0.438267,1145,0.065797
"49","girchi",0,0,31928,17402,7460,13993,957787,53,0.545039,0.233651,0.438267,1145,0.065797
"49","greens_geo",0,0,31928,17402,7460,13993,957787,53,0.545039,0.233651,0.438267,1145,0.065797
"49","mamuli_ena",0,0,31928,17402,7460,13993,957787,53,0.545039,0.233651,0.438267,1145,0.065797
"49","our_georgia",0,0,31928,17402,7460,13993,957787,53,0.545039,0.233651,0.438267,1145,0.065797
"49","patriots",133,0.008182,31928,17402,7460,13993,957787,53,0.545039,0.233651,0.438267,1145,0.065797
"49","peoples_power",0,0,31928,17402,7460,13993,957787,53,0.545039,0.233651,0.438267,1145,0.065797
"49","strong_georgia",1189,0.073147,31928,17402,7460,13993,957787,53,0.545039,0.233651,0.438267,1145,0.065797
"50","conservatives_geo",232,0.010923,40016,22088,9171,18137,2160661,203,0.551979,0.229183,0.453244,848,0.038392
"50","free_georgia",0,0,40016,22088,9171,18137,2160661,203,0.551979,0.229183,0.453244,848,0.038392
"50","gakharia",199,0.009369,40016,22088,9171,18137,2160661,203,0.551979,0.229183,0.453244,848,0.038392
"50","gd",19773,0.930932,40016,22088,9171,18137,2160661,203,0.551979,0.229183,0.453244,848,0.038392
"50","georgia_party",0,0,40016,22088,9171,18137,2160661,203,0.551979,0.229183,0.453244,848,0.038392
"50","girchi",302,0.014218,40016,22088,9171,18137,2160661,203,0.551979,0.229183,0.453244,848,0.038392
"50","greens_geo",0,0,40016,22088,9171,18137,2160661,203,0.551979,0.229183,0.453244,848,0.038392
"50","mamuli_ena",0,0,40016,22088,9171,18137,2160661,203,0.551979,0.229183,0.453244,848,0.038392
"50","our_georgia",0,0,40016,22088,9171,18137,2160661,203,0.551979,0.229183,0.453244,848,0.038392
"50","patriots",88,0.004143,40016,22088,9171,18137,2160661,203,0.551979,0.229183,0.453244,848,0.038392
"50","peoples_power",0,0,40016,22088,9171,18137,2160661,203,0.551979,0.229183,0.453244,848,0.038392
"50","strong_georgia",646,0.030414,40016,22088,9171,18137,2160661,203,0.551979,0.229183,0.453244,848,0.038392
"51","conservatives_geo",518,0.022686,52701,24399,12208,20401,2371364,181,0.46297,0.231646,0.387108,1566,0.064183
"51","free_georgia",0,0,52701,24399,12208,20401,2371364,181,0.46297,0.231646,0.387108,1566,0.064183
"51","gakharia",1036,0.045373,52701,24399,12208,20401,2371364,181,0.46297,0.231646,0.387108,1566,0.064183
"51","gd",19164,0.839312,52701,24399,12208,20401,2371364,181,0.46297,0.231646,0.387108,1566,0.064183
"51","georgia_party",0,0,52701,24399,12208,20401,2371364,181,0.46297,0.231646,0.387108,1566,0.064183
"51","girchi",738,0.032322,52701,24399,12208,20401,2371364,181,0.46297,0.231646,0.387108,1566,0.064183
"51","greens_geo",0,0,52701,24399,12208,20401,2371364,181,0.46297,0.231646,0.387108,1566,0.064183
"51","mamuli_ena",0,0,52701,24399,12208,20401,2371364,181,0.46297,0.231646,0.387108,1566,0.064183
"51","our_georgia",0,0,52701,24399,12208,20401,2371364,181,0.46297,0.231646,0.387108,1566,0.064183
"51","patriots",179,0.00784,52701,24399,12208,20401,2371364,181,0.46297,0.231646,0.387108,1566,0.064183
"51","peoples_power",0,0,52701,24399,12208,20401,2371364,181,0.46297,0.231646,0.387108,1566,0.064183
"51","strong_georgia",1198,0.052468,52701,24399,12208,20401,2371364,181,0.46297,0.231646,0.387108,1566,0.064183
"52","conservatives_geo",219,0.023143,20614,10091,4937,8168,494679,57,0.489522,0.239497,0.396236,628,0.062234
"52","free_georgia",0,0,20614,10091,4937,8168,494679,57,0.489522,0.239497,0.396236,628,0.062234
"52","gakharia",211,0.022297,20614,10091,4937,8168,494679,57,0.489522,0.239497,0.396236,628,0.062234
"52","gd",8137,0.859875,20614,10091,4937,8168,494679,57,0.489522,0.239497,0.396236,628,0.062234
"52","georgia_party",0,0,20614,10091,4937,8168,494679,57,0.489522,0.239497,0.396236,628,0.062234
"52","girchi",0,0,20614,10091,4937,8168,494679,57,0.489522,0.239497,0.396236,628,0.062234
"52","greens_geo",0,0,20614,10091,4937,8168,494679,57,0.489522,0.239497,0.396236,628,0.062234
"52","mamuli_ena",0,0,20614,10091,4937,8168,494679,57,0.489522,0.239497,0.396236,628,0.062234
"52","our_georgia",207,0.021875,20614,10091,4937,8168,494679,57,0.489522,0.239497,0.396236,628,0.062234
"52","patriots",56,0.005918,20614,10091,4937,8168,494679,57,0.489522,0.239497,0.396236,628,0.062234
"52","peoples_power",0,0,20614,10091,4937,8168,494679,57,0.489522,0.239497,0.396236,628,0.062234
"52","strong_georgia",633,0.066892,20614,10091,4937,8168,494679,57,0.489522,0.239497,0.396236,628,0.062234
"53","conservatives_geo",96,0.008234,23255,12342,5443,10201,581322,53,0.530725,0.234057,0.438658,684,0.055421
"53","free_georgia",0,0,23255,12342,5443,10201,581322,53,0.530725,0.234057,0.438658,684,0.055421
"53","gakharia",232,0.019899,23255,12342,5443,10201,581322,53,0.530725,0.234057,0.438658,684,0.055421
"53","gd",10611,0.910112,23255,12342,5443,10201,581322,53,0.530725,0.234057,0.438658,684,0.055421
"53","georgia_party",0,0,23255,12342,5443,10201,581322,53,0.530725,0.234057,0.438658,684,0.055421
"53","girchi",0,0,23255,12342,5443,10201,581322,53,0.530725,0.234057,0.438658,684,0.055421
"53","greens_geo",0,0,23255,12342,5443,10201,581322,53,0.530725,0.234057,0.438658,684,0.055421
"53","mamuli_ena",0,0,23255,12342,5443,10201,581322,53,0.530725,0.234057,0.438658,684,0.055421
"53","our_georgia",91,0.007805,23255,12342,5443,10201,581322,53,0.530725,0.234057,0.438658,684,0.055421
"53","patriots",42,0.003602,23255,12342,5443,10201,581322,53,0.530725,0.234057,0.438658,684,0.055421
"53","peoples_power",73,0.006261,23255,12342,5443,10201,581322,53,0.530725,0.234057,0.438658,684,0.055421
"53","strong_georgia",514,0.044086,23255,12342,5443,10201,581322,53,0.530725,0.234057,0.438658,684,0.055421
"54","conservatives_geo",349,0.02014,43437,18438,7804,14890,1520176,119,0.424477,0.179662,0.342795,1109,0.060148
"54","free_georgia",0,0,43437,18438,7804,14890,1520176,119,0.424477,0.179662,0.342795,1109,0.060148
"54","gakharia",403,0.023256,43437,18438,7804,14890,1520176,119,0.424477,0.179662,0.342795,1109,0.060148
"54","gd",14581,0.841422,43437,18438,7804,14890,1520176,119,0.424477,0.179662,0.342795,1109,0.060148
"54","georgia_party",0,0,43437,18438,7804,14890,1520176,119,0.424477,0.179662,0.342795,1109,0.060148
"54","girchi",437,0.025218,43437,18438,7804,14890,1520176,119,0.424477,0.179662,0.342795,1109,0.060148
"54","greens_geo",0,0,43437,18438,7804,14890,1520176,119,0.424477,0.179662,0.342795,1109,0.060148
"54","mamuli_ena",191,0.011022,43437,18438,7804,14890,1520176,119,0.424477,0.179662,0.342795,1109,0.060148
"54","our_georgia",0,0,43437,18438,7804,14890,1520176,119,0.424477,0.179662,0.342795,1109,0.060148
"54","patriots",103,0.005944,43437,18438,7804,14890,1520176,119,0.424477,0.179662,0.342795,1109,0.060148
"54","peoples_power",0,0,43437,18438,7804,14890,1520176,119,0.424477,0.179662,0.342795,1109,0.060148
"54","strong_georgia",1265,0.072999,43437,18438,7804,14890,1520176,119,0.424477,0.179662,0.342795,1109,0.060148
"55","conservatives_geo",283,0.027492,21609,11141,4737,9201,561720,114,0.515572,0.219214,0.425795,847,0.076025
"55","free_georgia",0,0,21609,11141,4737,9201,561720,114,0.515572,0.219214,0.425795,847,0.076025
"55","gakharia",330,0.032058,21609,11141,4737,9201,561720,114,0.515572,0.219214,0.425795,847,0.076025
"55","gd",9089,0.882942,21609,11141,4737,9201,561720,114,0.515572,0.219214,0.425795,847,0.076025
"55","georgia_party",0,0,21609,11141,4737,9201,561720,114,0.515572,0.219214,0.425795,847,0.076025
"55","girchi",0,0,21609,11141,4737,9201,561720,114,0.515572,0.219214,0.425795,847,0.076025
"55","greens_geo",0,0,21609,11141,4737,9201,561720,114,0.515572,0.219214,0.425795,847,0.076025
"55","mamuli_ena",0,0,21609,11141,4737,9201,561720,114,0.515572,0.219214,0.425795,847,0.076025
"55","our_georgia",0,0,21609,11141,4737,9201,561720,114,0.515572,0.219214,0.425795,847,0.076025
"55","patriots",67,0.006509,21609,11141,4737,9201,561720,114,0.515572,0.219214,0.425795,847,0.076025
"55","peoples_power",0,0,21609,11141,4737,9201,561720,114,0.515572,0.219214,0.425795,847,0.076025
"55","strong_georgia",525,0.051001,21609,11141,4737,9201,561720,114,0.515572,0.219214,0.425795,847,0.076025
"56","conservatives_geo",543,0.03257,40468,17798,7597,14812,1982793,139,0.439804,0.187729,0.366018,1126,0.063266
"56","free_georgia",0,0,40468,17798,7597,14812,1982793,139,0.439804,0.187729,0.366018,1126,0.063266
"56","gakharia",605,0.036288,40468,17798,7597,14812,1982793,139,0.439804,0.187729,0.366018,1126,0.063266
"56","gd",13801,0.827795,40468,17798,7597,14812,1982793,139,0.439804,0.187729,0.366018,1126,0.063266
"56","georgia_party",0,0,40468,17798,7597,14812,1982793,139,0.439804,0.187729,0.366018,1126,0.063266
"56","girchi",470,0.028191,40468,17798,7597,14812,1982793,139,0.439804,0.187729,0.366018,1126,0.063266
"56","greens_geo",0,0,40468,17798,7597,14812,1982793,139,0.439804,0.187729,0.366018,1126,0.063266
"56","mamuli_ena",0,0,40468,17798,7597,14812,1982793,139,0.439804,0.187729,0.366018,1126,0.063266
"56","our_georgia",0,0,40468,17798,7597,14812,1982793,139,0.439804,0.187729,0.366018,1126,0.063266
"56","patriots",160,0.009597,40468,17798,7597,14812,1982793,139,0.439804,0.187729,0.366018,1126,0.063266
"56","peoples_power",0,0,40468,17798,7597,14812,1982793,139,0.439804,0.187729,0.366018,1126,0.063266
"56","strong_georgia",1093,0.065559,40468,17798,7597,14812,1982793,139,0.439804,0.187729,0.366018,1126,0.063266
"57","conservatives_geo",155,0.016819,19854,9705,4804,8347,595528,92,0.488818,0.241966,0.420419,489,0.050386
"57","free_georgia",0,0,19854,9705,4804,8347,595528,92,0.488818,0.241966,0.420419,489,0.050386
"57","gakharia",307,0.033312,19854,9705,4804,8347,595528,92,0.488818,0.241966,0.420419,489,0.050386
"57","gd",8005,0.868598,19854,9705,4804,8347,595528,92,0.488818,0.241966,0.420419,489,0.050386
"57","georgia_party",0,0,19854,9705,4804,8347,595528,92,0.488818,0.241966,0.420419,489,0.050386
"57","girchi",0,0,19854,9705,4804,8347,595528,92,0.488818,0.241966,0.420419,489,0.050386
"57","greens_geo",0,0,19854,9705,4804,8347,595528,92,0.488818,0.241966,0.420419,489,0.050386
"57","mamuli_ena",0,0,19854,9705,4804,8347,595528,92,0.488818,0.241966,0.420419,489,0.050386
"57","our_georgia",0,0,19854,9705,4804,8347,595528,92,0.488818,0.241966,0.420419,489,0.050386
"57","patriots",88,0.009549,19854,9705,4804,8347,595528,92,0.488818,0.241966,0.420419,489,0.050386
"57","peoples_power",0,0,19854,9705,4804,8347,595528,92,0.488818,0.241966,0.420419,489,0.050386
"57","strong_georgia",661,0.071723,19854,9705,4804,8347,595528,92,0.488818,0.241966,0.420419,489,0.050386
"58","conservatives_geo",539,0.024991,48962,22593,9934,18009,2839584,212,0.461439,0.202892,0.367816,1018,0.045058
"58","free_georgia",0,0,48962,22593,9934,18009,2839584,212,0.461439,0.202892,0.367816,1018,0.045058
"58","gakharia",766,0.035516,48962,22593,9934,18009,2839584,212,0.461439,0.202892,0.367816,1018,0.045058
"58","gd",18846,0.873795,48962,22593,9934,18009,2839584,212,0.461439,0.202892,0.367816,1018,0.045058
"58","georgia_party",0,0,48962,22593,9934,18009,2839584,212,0.461439,0.202892,0.367816,1018,0.045058
"58","girchi",0,0,48962,22593,9934,18009,2839584,212,0.461439,0.202892,0.367816,1018,0.045058
"58","greens_geo",0,0,48962,22593,9934,18009,2839584,212,0.461439,0.202892,0.367816,1018,0.045058
"58","mamuli_ena",0,0,48962,22593,9934,18009,2839584,212,0.461439,0.202892,0.367816,1018,0.045058
"58","our_georgia",0,0,48962,22593,9934,18009,2839584,212,0.461439,0.202892,0.367816,1018,0.045058
"58","patriots",188,0.008717,48962,22593,9934,18009,2839584,212,0.461439,0.202892,0.367816,1018,0.045058
"58","peoples_power",0,0,48962,22593,9934,18009,2839584,212,0.461439,0.202892,0.367816,1018,0.045058
"58","strong_georgia",1229,0.056983,48962,22593,9934,18009,2839584,212,0.461439,0.202892,0.367816,1018,0.045058
"59","conservatives_geo",1528,0.032875,152939,49885,21806,41426,11775637,666,0.326176,0.14258,0.270866,3408,0.068317
"59","free_georgia",0,0,152939,49885,21806,41426,11775637,666,0.326176,0.14258,0.270866,3408,0.068317
"59","gakharia",2114,0.045483,152939,49885,21806,41426,11775637,666,0.326176,0.14258,0.270866,3408,0.068317
"59","gd",36047,0.775555,152939,49885,21806,41426,11775637,666,0.326176,0.14258,0.270866,3408,0.068317
"59","georgia_party",782,0.016825,152939,49885,21806,41426,11775637,666,0.326176,0.14258,0.270866,3408,0.068317
"59","girchi",2661,0.057252,152939,49885,21806,41426,11775637,666,0.326176,0.14258,0.270866,3408,0.068317
"59","greens_geo",0,0,152939,49885,21806,41426,11775637,666,0.326176,0.14258,0.270866,3408,0.068317
"59","mamuli_ena",0,0,152939,49885,21806,41426,11775637,666,0.326176,0.14258,0.270866,3408,0.068317
"59","our_georgia",0,0,152939,49885,21806,41426,11775637,666,0.326176,0.14258,0.270866,3408,0.068317
"59","patriots",457,0.009832,152939,49885,21806,41426,11775637,666,0.326176,0.14258,0.270866,3408,0.068317
"59","peoples_power",231,0.00497,152939,49885,21806,41426,11775637,666,0.326176,0.14258,0.270866,3408,0.068317
"59","strong_georgia",2659,0.057209,152939,49885,21806,41426,11775637,666,0.326176,0.14258,0.270866,3408,0.068317
"60","conservatives_geo",626,0.022639,57926,29668,12661,24126,2664380,216,0.512171,0.218572,0.416497,2015,0.067918
"60","free_georgia",0,0,57926,29668,12661,24126,2664380,216,0.512171,0.218572,0.416497,2015,0.067918
"60","gakharia",1122,0.040576,57926,29668,12661,24126,2664380,216,0.512171,0.218572,0.416497,2015,0.067918
"60","gd",24001,0.867966,57926,29668,12661,24126,2664380,216,0.512171,0.218572,0.416497,2015,0.067918
"60","georgia_party",0,0,57926,29668,12661,24126,2664380,216,0.512171,0.218572,0.416497,2015,0.067918
"60","girchi",0,0,57926,29668,12661,24126,2664380,216,0.512171,0.218572,0.416497,2015,0.067918
"60","greens_geo",0,0,57926,29668,12661,24126,2664380,216,0.512171,0.218572,0.416497,2015,0.067918
"60","mamuli_ena",0,0,57926,29668,12661,24126,2664380,216,0.512171,0.218572,0.416497,2015,0.067918
"60","our_georgia",0,0,57926,29668,12661,24126,2664380,216,0.512171,0.218572,0.416497,2015,0.067918
"60","patriots",411,0.014863,57926,29668,12661,24126,2664380,216,0.512171,0.218572,0.416497,2015,0.067918
"60","peoples_power",0,0,57926,29668,12661,24126,2664380,216,0.512171,0.218572,0.416497,2015,0.067918
"60","strong_georgia",1492,0.053956,57926,29668,12661,24126,2664380,216,0.512171,0.218572,0.416497,2015,0.067918
"61","conservatives_geo",321,0.025153,27095,13793,5999,11227,839879,66,0.509061,0.221406,0.414357,1031,0.074748
"61","free_georgia",0,0,27095,13793,5999,11227,839879,66,0.509061,0.221406,0.414357,1031,0.074748
"61","gakharia",750,0.058768,27095,13793,5999,11227,839879,66,0.509061,0.221406,0.414357,1031,0.074748
"61","gd",10137,0.794311,27095,13793,5999,11227,839879,66,0.509061,0.221406,0.414357,1031,0.074748
"61","georgia_party",0,0,27095,13793,5999,11227,839879,66,0.509061,0.221406,0.414357,1031,0.074748
"61","girchi",649,0.050854,27095,13793,5999,11227,839879,66,0.509061,0.221406,0.414357,1031,0.074748
"61","greens_geo",0,0,27095,13793,5999,11227,839879,66,0.509061,0.221406,0.414357,1031,0.074748
"61","mamuli_ena",0,0,27095,13793,5999,11227,839879,66,0.509061,0.221406,0.414357,1031,0.074748
"61","our_georgia",0,0,27095,13793,5999,11227,839879,66,0.509061,0.221406,0.414357,1031,0.074748
"61","patriots",0,0,27095,13793,5999,11227,839879,66,0.509061,0.221406,0.414357,1031,0.074748
"61","peoples_power",0,0,27095,13793,5999,11227,839879,66,0.509061,0.221406,0.414357,1031,0.074748
"61","strong_georgia",905,0.070914,27095,13793,5999,11227,839879,66,0.509061,0.221406,0.414357,1031,0.074748
"62","conservatives_geo",172,0.018263,17338,10170,4420,8575,572104,50,0.586573,0.254931,0.494578,751,0.073845
"62","free_georgia",0,0,17338,10170,4420,8575,572104,50,0.586573,0.254931,0.494578,751,0.073845
"62","gakharia",302,0.032066,17338,10170,4420,8575,572104,50,0.586573,0.254931,0.494578,751,0.073845
"62","gd",7776,0.825653,17338,10170,4420,8575,572104,50,0.586573,0.254931,0.494578,751,0.073845
"62","georgia_party",0,0,17338,10170,4420,8575,572104,50,0.586573,0.254931,0.494578,751,0.073845
"62","girchi",0,0,17338,10170,4420,8575,572104,50,0.586573,0.254931,0.494578,751,0.073845
"62","greens_geo",0,0,17338,10170,4420,8575,572104,50,0.586573,0.254931,0.494578,751,0.073845
"62","mamuli_ena",250,0.026545,17338,10170,4420,8575,572104,50,0.586573,0.254931,0.494578,751,0.073845
"62","our_georgia",0,0,17338,10170,4420,8575,572104,50,0.586573,0.254931,0.494578,751,0.073845
"62","patriots",71,0.007539,17338,10170,4420,8575,572104,50,0.586573,0.254931,0.494578,751,0.073845
"62","peoples_power",0,0,17338,10170,4420,8575,572104,50,0.586573,0.254931,0.494578,751,0.073845
"62","strong_georgia",847,0.089934,17338,10170,4420,8575,572104,50,0.586573,0.254931,0.494578,751,0.073845
"63","conservatives_geo",282,0.030355,19574,10098,4289,8426,411004,50,0.515888,0.219117,0.430469,808,0.080016
"63","free_georgia",404,0.043488,19574,10098,4289,8426,411004,50,0.515888,0.219117,0.430469,808,0.080016
"63","gakharia",714,0.076857,19574,10098,4289,8426,411004,50,0.515888,0.219117,0.430469,808,0.080016
"63","gd",7373,0.793649,19574,10098,4289,8426,411004,50,0.515888,0.219117,0.430469,808,0.080016
"63","georgia_party",0,0,19574,10098,4289,8426,411004,50,0.515888,0.219117,0.430469,808,0.080016
"63","girchi",0,0,19574,10098,4289,8426,411004,50,0.515888,0.219117,0.430469,808,0.080016
"63","greens_geo",0,0,19574,10098,4289,8426,411004,50,0.515888,0.219117,0.430469,808,0.080016
"63","mamuli_ena",0,0,19574,10098,4289,8426,411004,50,0.515888,0.219117,0.430469,808,0.080016
"63","our_georgia",0,0,19574,10098,4289,8426,411004,50,0.515888,0.219117,0.430469,808,0.080016
"63","patriots",0,0,19574,10098,4289,8426,411004,50,0.515888,0.219117,0.430469,808,0.080016
"63","peoples_power",0,0,19574,10098,4289,8426,411004,50,0.515888,0.219117,0.430469,808,0.080016
"63","strong_georgia",517,0.055651,19574,10098,4289,8426,411004,50,0.515888,0.219117,0.430469,808,0.080016
"64","conservatives_geo",205,0.012924,38122,17061,7896,14393,1372245,147,0.447537,0.207124,0.377551,1197,0.07016
"64","free_georgia",0,0,38122,17061,7896,14393,1372245,147,0.447537,0.207124,0.377551,1197,0.07016
"64","gakharia",1707,0.107616,38122,17061,7896,14393,1372245,147,0.447537,0.207124,0.377551,1197,0.07016
"64","gd",12787,0.80614,38122,17061,7896,14393,1372245,147,0.447537,0.207124,0.377551,1197,0.07016
"64","georgia_party",0,0,38122,17061,7896,14393,1372245,147,0.447537,0.207124,0.377551,1197,0.07016
"64","girchi",536,0.033791,38122,17061,7896,14393,1372245,147,0.447537,0.207124,0.377551,1197,0.07016
"64","greens_geo",0,0,38122,17061,7896,14393,1372245,147,0.447537,0.207124,0.377551,1197,0.07016
"64","mamuli_ena",0,0,38122,17061,7896,14393,1372245,147,0.447537,0.207124,0.377551,1197,0.07016
"64","our_georgia",0,0,38122,17061,7896,14393,1372245,147,0.447537,0.207124,0.377551,1197,0.07016
"64","patriots",0,0,38122,17061,7896,14393,1372245,147,0.447537,0.207124,0.377551,1197,0.07016
"64","peoples_power",0,0,38122,17061,7896,14393,1372245,147,0.447537,0.207124,0.377551,1197,0.07016
"64","strong_georgia",627,0.039528,38122,17061,7896,14393,1372245,147,0.447537,0.207124,0.377551,1197,0.07016
"65","conservatives_geo",297,0.020844,30700,15392,6026,12198,1074419,81,0.501368,0.196287,0.397329,1141,0.074129
"65","free_georgia",0,0,30700,15392,6026,12198,1074419,81,0.501368,0.196287,0.397329,1141,0.074129
"65","gakharia",1287,0.090322,30700,15392,6026,12198,1074419,81,0.501368,0.196287,0.397329,1141,0.074129
"65","gd",11488,0.806232,30700,15392,6026,12198,1074419,81,0.501368,0.196287,0.397329,1141,0.074129
"65","georgia_party",0,0,30700,15392,6026,12198,1074419,81,0.501368,0.196287,0.397329,1141,0.074129
"65","girchi",477,0.033476,30700,15392,6026,12198,1074419,81,0.501368,0.196287,0.397329,1141,0.074129
"65","greens_geo",0,0,30700,15392,6026,12198,1074419,81,0.501368,0.196287,0.397329,1141,0.074129
"65","mamuli_ena",0,0,30700,15392,6026,12198,1074419,81,0.501368,0.196287,0.397329,1141,0.074129
"65","our_georgia",0,0,30700,15392,6026,12198,1074419,81,0.501368,0.196287,0.397329,1141,0.074129
"65","patriots",59,0.004141,30700,15392,6026,12198,1074419,81,0.501368,0.196287,0.397329,1141,0.074129
"65","peoples_power",0,0,30700,15392,6026,12198,1074419,81,0.501368,0.196287,0.397329,1141,0.074129
"65","strong_georgia",641,0.044986,30700,15392,6026,12198,1074419,81,0.501368,0.196287,0.397329,1141,0.074129
"66","conservatives_geo",195,0.016211,26445,12948,5667,10676,661082,43,0.48962,0.214294,0.403706,917,0.070822
"66","free_georgia",0,0,26445,12948,5667,10676,661082,43,0.48962,0.214294,0.403706,917,0.070822
"66","gakharia",647,0.053787,26445,12948,5667,10676,661082,43,0.48962,0.214294,0.403706,917,0.070822
"66","gd",10058,0.836146,26445,12948,5667,10676,661082,43,0.48962,0.214294,0.403706,917,0.070822
"66","georgia_party",0,0,26445,12948,5667,10676,661082,43,0.48962,0.214294,0.403706,917,0.070822
"66","girchi",0,0,26445,12948,5667,10676,661082,43,0.48962,0.214294,0.403706,917,0.070822
"66","greens_geo",0,0,26445,12948,5667,10676,661082,43,0.48962,0.214294,0.403706,917,0.070822
"66","mamuli_ena",0,0,26445,12948,5667,10676,661082,43,0.48962,0.214294,0.403706,917,0.070822
"66","our_georgia",0,0,26445,12948,5667,10676,661082,43,0.48962,0.214294,0.403706,917,0.070822
"66","patriots",0,0,26445,12948,5667,10676,661082,43,0.48962,0.214294,0.403706,917,0.070822
"66","peoples_power",0,0,26445,12948,5667,10676,661082,43,0.48962,0.214294,0.403706,917,0.070822
"66","strong_georgia",1129,0.093857,26445,12948,5667,10676,661082,43,0.48962,0.214294,0.403706,917,0.070822
"67","conservatives_geo",328,0.009417,117347,37780,18360,31400,8213860,430,0.321951,0.156459,0.267582,2948,0.078031
"67","free_georgia",0,0,117347,37780,18360,31400,8213860,430,0.321951,0.156459,0.267582,2948,0.078031
"67","gakharia",1470,0.042205,117347,37780,18360,31400,8213860,430,0.321951,0.156459,0.267582,2948,0.078031
"67","gd",29556,0.848579,117347,37780,18360,31400,8213860,430,0.321951,0.156459,0.267582,2948,0.078031
"67","georgia_party",0,0,117347,37780,18360,31400,8213860,430,0.321951,0.156459,0.267582,2948,0.078031
"67","girchi",867,0.024892,117347,37780,18360,31400,8213860,430,0.321951,0.156459,0.267582,2948,0.078031
"67","greens_geo",0,0,117347,37780,18360,31400,8213860,430,0.321951,0.156459,0.267582,2948,0.078031
"67","mamuli_ena",0,0,117347,37780,18360,31400,8213860,430,0.321951,0.156459,0.267582,2948,0.078031
"67","our_georgia",0,0,117347,37780,18360,31400,8213860,430,0.321951,0.156459,0.267582,2948,0.078031
"67","patriots",135,0.003876,117347,37780,18360,31400,8213860,430,0.321951,0.156459,0.267582,2948,0.078031
"67","peoples_power",0,0,117347,37780,18360,31400,8213860,430,0.321951,0.156459,0.267582,2948,0.078031
"67","strong_georgia",2474,0.071031,117347,37780,18360,31400,8213860,430,0.321951,0.156459,0.267582,2948,0.078031
"68","conservatives_geo",177,0.015789,27504,12309,5186,10049,632504,88,0.447535,0.188554,0.365365,1098,0.089203
"68","free_georgia",0,0,27504,12309,5186,10049,632504,88,0.447535,0.188554,0.365365,1098,0.089203
"68","gakharia",1762,0.157181,27504,12309,5186,10049,632504,88,0.447535,0.188554,0.365365,1098,0.089203
"68","gd",8072,0.720071,27504,12309,5186,10049,632504,88,0.447535,0.188554,0.365365,1098,0.089203
"68","georgia_party",0,0,27504,12309,5186,10049,632504,88,0.447535,0.188554,0.365365,1098,0.089203
"68","girchi",240,0.021409,27504,12309,5186,10049,632504,88,0.447535,0.188554,0.365365,1098,0.089203
"68","greens_geo",0,0,27504,12309,5186,10049,632504,88,0.447535,0.188554,0.365365,1098,0.089203
"68","mamuli_ena",0,0,27504,12309,5186,10049,632504,88,0.447535,0.188554,0.365365,1098,0.089203
"68","our_georgia",0,0,27504,12309,5186,10049,632504,88,0.447535,0.188554,0.365365,1098,0.089203
"68","patriots",0,0,27504,12309,5186,10049,632504,88,0.447535,0.188554,0.365365,1098,0.089203
"68","peoples_power",0,0,27504,12309,5186,10049,632504,88,0.447535,0.188554,0.365365,1098,0.089203
"68","strong_georgia",959,0.085549,27504,12309,5186,10049,632504,88,0.447535,0.188554,0.365365,1098,0.089203
"69","conservatives_geo",142,0.014451,20786,10889,4780,9043,332539,37,0.523862,0.229962,0.435052,1063,0.097621
"69","free_georgia",0,0,20786,10889,4780,9043,332539,37,0.523862,0.229962,0.435052,1063,0.097621
"69","gakharia",1185,0.120598,20786,10889,4780,9043,332539,37,0.523862,0.229962,0.435052,1063,0.097621
"69","gd",7812,0.795034,20786,10889,4780,9043,332539,37,0.523862,0.229962,0.435052,1063,0.097621
"69","georgia_party",0,0,20786,10889,4780,9043,332539,37,0.523862,0.229962,0.435052,1063,0.097621
"69","girchi",201,0.020456,20786,10889,4780,9043,332539,37,0.523862,0.229962,0.435052,1063,0.097621
"69","greens_geo",0,0,20786,10889,4780,9043,332539,37,0.523862,0.229962,0.435052,1063,0.097621
"69","mamuli_ena",0,0,20786,10889,4780,9043,332539,37,0.523862,0.229962,0.435052,1063,0.097621
"69","our_georgia",0,0,20786,10889,4780,9043,332539,37,0.523862,0.229962,0.435052,1063,0.097621
"69","patriots",0,0,20786,10889,4780,9043,332539,37,0.523862,0.229962,0.435052,1063,0.097621
"69","peoples_power",0,0,20786,10889,4780,9043,332539,37,0.523862,0.229962,0.435052,1063,0.097621
"69","strong_georgia",486,0.049461,20786,10889,4780,9043,332539,37,0.523862,0.229962,0.435052,1063,0.097621
"70","conservatives_geo",421,0.02832,40511,16058,7428,14058,972069,195,0.396386,0.183358,0.347017,1192,0.074231
"70","free_georgia",0,0,40511,16058,7428,14058,972069,195,0.396386,0.183358,0.347017,1192,0.074231
"70","gakharia",803,0.054016,40511,16058,7428,14058,972069,195,0.396386,0.183358,0.347017,1192,0.074231
"70","gd",12850,0.864389,40511,16058,7428,14058,972069,195,0.396386,0.183358,0.347017,1192,0.074231
"70","georgia_party",0,0,40511,16058,7428,14058,972069,195,0.396386,0.183358,0.347017,1192,0.074231
"70","girchi",0,0,40511,16058,7428,14058,972069,195,0.396386,0.183358,0.347017,1192,0.074231
"70","greens_geo",0,0,40511,16058,7428,14058,972069,195,0.396386,0.183358,0.347017,1192,0.074231
"70","mamuli_ena",0,0,40511,16058,7428,14058,972069,195,0.396386,0.183358,0.347017,1192,0.074231
"70","our_georgia",0,0,40511,16058,7428,14058,972069,195,0.396386,0.183358,0.347017,1192,0.074231
"70","patriots",0,0,40511,16058,7428,14058,972069,195,0.396386,0.183358,0.347017,1192,0.074231
"70","peoples_power",0,0,40511,16058,7428,14058,972069,195,0.396386,0.183358,0.347017,1192,0.074231
"70","strong_georgia",792,0.053276,40511,16058,7428,14058,972069,195,0.396386,0.183358,0.347017,1192,0.074231
"79","conservatives_geo",771,0.013757,157439,60274,23736,49399,14168804,706,0.38284,0.150763,0.313766,4227,0.07013
"79","free_georgia",0,0,157439,60274,23736,49399,14168804,706,0.38284,0.150763,0.313766,4227,0.07013
"79","gakharia",3907,0.069714,157439,60274,23736,49399,14168804,706,0.38284,0.150763,0.313766,4227,0.07013
"79","gd",43067,0.768464,157439,60274,23736,49399,14168804,706,0.38284,0.150763,0.313766,4227,0.07013
"79","georgia_party",0,0,157439,60274,23736,49399,14168804,706,0.38284,0.150763,0.313766,4227,0.07013
"79","girchi",2360,0.042111,157439,60274,23736,49399,14168804,706,0.38284,0.150763,0.313766,4227,0.07013
"79","greens_geo",0,0,157439,60274,23736,49399,14168804,706,0.38284,0.150763,0.313766,4227,0.07013
"79","mamuli_ena",680,0.012134,157439,60274,23736,49399,14168804,706,0.38284,0.150763,0.313766,4227,0.07013
"79","our_georgia",1376,0.024553,157439,60274,23736,49399,14168804,706,0.38284,0.150763,0.313766,4227,0.07013
"79","patriots",369,0.006584,157439,60274,23736,49399,14168804,706,0.38284,0.150763,0.313766,4227,0.07013
"79","peoples_power",303,0.005407,157439,60274,23736,49399,14168804,706,0.38284,0.150763,0.313766,4227,0.07013
"79","strong_georgia",3210,0.057277,157439,60274,23736,49399,14168804,706,0.38284,0.150763,0.313766,4227,0.07013
"80","conservatives_geo",74,0.007292,15676,10715,4192,8733,454555,49,0.683529,0.267415,0.557094,565,0.05273
"80","free_georgia",0,0,15676,10715,4192,8733,454555,49,0.683529,0.267415,0.557094,565,0.05273
"80","gakharia",325,0.032026,15676,10715,4192,8733,454555,49,0.683529,0.267415,0.557094,565,0.05273
"80","gd",8796,0.866772,15676,10715,4192,8733,454555,49,0.683529,0.267415,0.557094,565,0.05273
"80","georgia_party",0,0,15676,10715,4192,8733,454555,49,0.683529,0.267415,0.557094,565,0.05273
"80","girchi",0,0,15676,10715,4192,8733,454555,49,0.683529,0.267415,0.557094,565,0.05273
"80","greens_geo",0,0,15676,10715,4192,8733,454555,49,0.683529,0.267415,0.557094,565,0.05273
"80","mamuli_ena",0,0,15676,10715,4192,8733,454555,49,0.683529,0.267415,0.557094,565,0.05273
"80","our_georgia",0,0,15676,10715,4192,8733,454555,49,0.683529,0.267415,0.557094,565,0.05273
"80","patriots",107,0.010544,15676,10715,4192,8733,454555,49,0.683529,0.267415,0.557094,565,0.05273
"80","peoples_power",0,0,15676,10715,4192,8733,454555,49,0.683529,0.267415,0.557094,565,0.05273
"80","strong_georgia",846,0.083366,15676,10715,4192,8733,454555,49,0.683529,0.267415,0.557094,565,0.05273
"81","conservatives_geo",293,0.009829,66376,31585,12661,24240,3783137,295,0.47585,0.190747,0.365192,1776,0.056229
"81","free_georgia",0,0,66376,31585,12661,24240,3783137,295,0.47585,0.190747,0.365192,1776,0.056229
"81","gakharia",787,0.026401,66376,31585,12661,24240,3783137,295,0.47585,0.190747,0.365192,1776,0.056229
"81","gd",26723,0.896474,66376,31585,12661,24240,3783137,295,0.47585,0.190747,0.365192,1776,0.056229
"81","georgia_party",0,0,66376,31585,12661,24240,3783137,295,0.47585,0.190747,0.365192,1776,0.056229
"81","girchi",0,0,66376,31585,12661,24240,3783137,295,0.47585,0.190747,0.365192,1776,0.056229
"81","greens_geo",0,0,66376,31585,12661,24240,3783137,295,0.47585,0.190747,0.365192,1776,0.056229
"81","mamuli_ena",0,0,66376,31585,12661,24240,3783137,295,0.47585,0.190747,0.365192,1776,0.056229
"81","our_georgia",591,0.019826,66376,31585,12661,24240,3783137,295,0.47585,0.190747,0.365192,1776,0.056229
"81","patriots",145,0.004864,66376,31585,12661,24240,3783137,295,0.47585,0.190747,0.365192,1776,0.056229
"81","peoples_power",0,0,66376,31585,12661,24240,3783137,295,0.47585,0.190747,0.365192,1776,0.056229
"81","strong_georgia",1270,0.042605,66376,31585,12661,24240,3783137,295,0.47585,0.190747,0.365192,1776,0.056229
"82","conservatives_geo",118,0.013541,14418,9146,3307,7559,691986,78,0.634346,0.229366,0.524275,432,0.047234
"82","free_georgia",0,0,14418,9146,3307,7559,691986,78,0.634346,0.229366,0.524275,432,0.047234
"82","gakharia",493,0.056576,14418,9146,3307,7559,691986,78,0.634346,0.229366,0.524275,432,0.047234
"82","gd",7375,0.846339,14418,9146,3307,7559,691986,78,0.634346,0.229366,0.524275,432,0.047234
"82","georgia_party",0,0,14418,9146,3307,7559,691986,78,0.634346,0.229366,0.524275,432,0.047234
"82","girchi",0,0,14418,9146,3307,7559,691986,78,0.634346,0.229366,0.524275,432,0.047234
"82","greens_geo",0,0,14418,9146,3307,7559,691986,78,0.634346,0.229366,0.524275,432,0.047234
"82","mamuli_ena",0,0,14418,9146,3307,7559,691986,78,0.634346,0.229366,0.524275,432,0.047234
"82","our_georgia",0,0,14418,9146,3307,7559,691986,78,0.634346,0.229366,0.524275,432,0.047234
"82","patriots",46,0.005279,14418,9146,3307,7559,691986,78,0.634346,0.229366,0.524275,432,0.047234
"82","peoples_power",0,0,14418,9146,3307,7559,691986,78,0.634346,0.229366,0.524275,432,0.047234
"82","strong_georgia",682,0.078265,14418,9146,3307,7559,691986,78,0.634346,0.229366,0.524275,432,0.047234
"83","conservatives_geo",339,0.016685,43401,21722,9341,17929,1779257,184,0.500495,0.215225,0.413101,1404,0.064635
"83","free_georgia",0,0,43401,21722,9341,17929,1779257,184,0.500495,0.215225,0.413101,1404,0.064635
"83","gakharia",1068,0.052564,43401,21722,9341,17929,1779257,184,0.500495,0.215225,0.413101,1404,0.064635
"83","gd",16967,0.835072,43401,21722,9341,17929,1779257,184,0.500495,0.215225,0.413101,1404,0.064635
"83","georgia_party",0,0,43401,21722,9341,17929,1779257,184,0.500495,0.215225,0.413101,1404,0.064635
"83","girchi",0,0,43401,21722,9341,17929,1779257,184,0.500495,0.215225,0.413101,1404,0.064635
"83","greens_geo",0,0,43401,21722,9341,17929,1779257,184,0.500495,0.215225,0.413101,1404,0.064635
"83","mamuli_ena",0,0,43401,21722,9341,17929,1779257,184,0.500495,0.215225,0.413101,1404,0.064635
"83","our_georgia",0,0,43401,21722,9341,17929,1779257,184,0.500495,0.215225,0.413101,1404,0.064635
"83","patriots",306,0.015061,43401,21722,9341,17929,1779257,184,0.500495,0.215225,0.413101,1404,0.064635
"83","peoples_power",0,0,43401,21722,9341,17929,1779257,184,0.500495,0.215225,0.413101,1404,0.064635
"83","strong_georgia",1638,0.080618,43401,21722,9341,17929,1779257,184,0.500495,0.215225,0.413101,1404,0.064635
"84","conservatives_geo",62,0.004734,23305,13944,4799,11269,1258395,75,0.598327,0.205921,0.483544,848,0.060815
"84","free_georgia",0,0,23305,13944,4799,11269,1258395,75,0.598327,0.205921,0.483544,848,0.060815
"84","gakharia",1117,0.085293,23305,13944,4799,11269,1258395,75,0.598327,0.205921,0.483544,848,0.060815
"84","gd",10953,0.836362,23305,13944,4799,11269,1258395,75,0.598327,0.205921,0.483544,848,0.060815
"84","georgia_party",0,0,23305,13944,4799,11269,1258395,75,0.598327,0.205921,0.483544,848,0.060815
"84","girchi",0,0,23305,13944,4799,11269,1258395,75,0.598327,0.205921,0.483544,848,0.060815
"84","greens_geo",0,0,23305,13944,4799,11269,1258395,75,0.598327,0.205921,0.483544,848,0.060815
"84","mamuli_ena",0,0,23305,13944,4799,11269,1258395,75,0.598327,0.205921,0.483544,848,0.060815
"84","our_georgia",0,0,23305,13944,4799,11269,1258395,75,0.598327,0.205921,0.483544,848,0.060815
"84","patriots",48,0.003665,23305,13944,4799,11269,1258395,75,0.598327,0.205921,0.483544,848,0.060815
"84","peoples_power",322,0.024588,23305,13944,4799,11269,1258395,75,0.598327,0.205921,0.483544,848,0.060815
"84","strong_georgia",594,0.045357,23305,13944,4799,11269,1258395,75,0.598327,0.205921,0.483544,848,0.060815
