precinct_id,precinct_key,smd,dd,pp,district_id,party_id,name_ka,votes,vote_share,registered,voted,voted_noon,voted_5pm,turnout_pct,noon_pct,five_pct,invalid_ballots,invalid_pct
101001,1.1.1,1,1,1,101001,mtatsminda_2019_4,ნიტა სიხარულიძე,0,0,1439,420,134,330,0.2919,0.0931,0.2293,7,0.0167
101001,1.1.1,1,1,1,101001,mtatsminda_2019_9,გიორგი ანდრიაძე,3,0.0073,1439,420,134,330,0.2919,0.0931,0.2293,7,0.0167
101001,1.1.1,1,1,1,101001,mtatsminda_2019_13,შალვა შავგულიძე,144,0.3487,1439,420,134,330,0.2919,0.0931,0.2293,7,0.0167
101001,1.1.1,1,1,1,101001,mtatsminda_2019_17,გიორგი ლილუაშვილი,0,0,1439,420,134,330,0.2919,0.0931,0.2293,7,0.0167
101001,1.1.1,1,1,1,101001,mtatsminda_2019_21,გიორგი შალიკაშვილი,0,0,1439,420,134,330,0.2919,0.0931,0.2293,7,0.0167
101001,1.1.1,1,1,1,101001,mtatsminda_2019_23,თებეა თენგიანი,0,0,1439,420,134,330,0.2919,0.0931,0.2293,7,0.0167
101001,1.1.1,1,1,1,101001,mtatsminda_2019_24,მამუკა ტუსკაძე,0,0,1439,420,134,330,0.2919,0.0931,0.2293,7,0.0167
101001,1.1.1,1,1,1,101001,mtatsminda_2019_27,ვალისა ღვინჯილია,0,0,1439,420,134,330,0.2919,0.0931,0.2293,7,0.0167
101001,1.1.1,1,1,1,101001,mtatsminda_2019_28,მიხეილ სალუაშვილი,1,0.0024,1439,420,134,330,0.2919,0.0931,0.2293,7,0.0167
101001,1.1.1,1,1,1,101001,mtatsminda_2019_31,ირმა რაზმაძე,0,0,1439,420,134,330,0.2919,0.0931,0.2293,7,0.0167
101001,1.1.1,1,1,1,101001,mtatsminda_2019_33,ჯემალ ნადარეიშვილი,0,0,1439,420,134,330,0.2919,0.0931,0.2293,7,0.0167
101001,1.1.1,1,1,1,101001,mtatsminda_2019_35,გერმანე საბო,71,0.1719,1439,420,134,330,0.2919,0.0931,0.2293,7,0.0167
101001,1.1.1,1,1,1,101001,mtatsminda_2019_38,ნოდარ ინანეიშვილი,0,0,1439,420,134,330,0.2919,0.0931,0.2293,7,0.0167
101001,1.1.1,1,1,1,101001,mtatsminda_2019_41,ვლადიმერ კახაძე,134,0.3245,1439,420,134,330,0.2919,0.0931,0.2293,7,0.0167
101001,1.1.1,1,1,1,101001,mtatsminda_2019_42,ლევან იოსელიანი,30,0.0726,1439,420,134,330,0.2919,0.0931,0.2293,7,0.0167
101001,1.1.1,1,1,1,101001,mtatsminda_2019_43,კობა დავითაშვილი,10,0.0242,1439,420,134,330,0.2919,0.0931,0.2293,7,0.0167
101001,1.1.1,1,1,1,101001,mtatsminda_2019_44,სოფიო ხორგუანი,6,0.0145,1439,420,134,330,0.2919,0.0931,0.2293,7,0.0167
101001,1.1.1,1,1,1,101001,mtatsminda_2019_45,გრიგოლ გეგელია,13,0.0315,1439,420,134,330,0.2919,0.0931,0.2293,7,0.0167
101001,1.1.1,1,1,1,101001,mtatsminda_2019_46,იოსებ კობერიძე,0,0,1439,420,134,330,0.2919,0.0931,0.2293,7,0.0167
101001,1.1.1,1,1,1,101001,mtatsminda_2019_47,თამარ ალფაიძე,1,0.0024,1439,420,134,330,0.2919,0.0931,0.2293,7,0.0167
104001,1.4.1,1,4,1,104001,mtatsminda_2019_4,ნიტა სიხარულიძე,1,0.002,1566,513,152,394,0.3276,0.0971,0.2516,16,0.0312
104001,1.4.1,1,4,1,104001,mtatsminda_2019_9,გიორგი ანდრიაძე,1,0.002,1566,513,152,394,0.3276,0.0971,0.2516,16,0.0312
104001,1.4.1,1,4,1,104001,mtatsminda_2019_13,შალვა შავგულიძე,145,0.2918,1566,513,152,394,0.3276,0.0971,0.2516,16,0.0312
104001,1.4.1,1,4,1,104001,mtatsminda_2019_17,გიორგი ლილუაშვილი,2,0.004,1566,513,152,394,0.3276,0.0971,0.2516,16,0.0312
104001,1.4.1,1,4,1,104001,mtatsminda_2019_21,გიორგი შალიკაშვილი,0,0,1566,513,152,394,0.3276,0.0971,0.2516,16,0.0312
104001,1.4.1,1,4,1,104001,mtatsminda_2019_23,თებეა თენგიანი,0,0,1566,513,152,394,0.3276,0.0971,0.2516,16,0.0312
104001,1.4.1,1,4,1,104001,mtatsminda_2019_24,მამუკა ტუსკაძე,0,0,1566,513,152,394,0.3276,0.0971,0.2516,16,0.0312
104001,1.4.1,1,4,1,104001,mtatsminda_2019_27,ვალისა ღვინჯილია,0,0,1566,513,152,394,0.3276,0.0971,0.2516,16,0.0312
104001,1.4.1,1,4,1,104001,mtatsminda_2019_28,მიხეილ სალუაშვილი,1,0.002,1566,513,152,394,0.3276,0.0971,0.2516,16,0.0312
104001,1.4.1,1,4,1,104001,mtatsminda_2019_31,ირმა რაზმაძე,3,0.006,1566,513,152,394,0.3276,0.0971,0.2516,16,0.0312
104001,1.4.1,1,4,1,104001,mtatsminda_2019_33,ჯემალ ნადარეიშვილი,1,0.002,1566,513,152,394,0.3276,0.0971,0.2516,16,0.0312
104001,1.4.1,1,4,1,104001,mtatsminda_2019_35,გერმანე საბო,18,0.0362,1566,513,152,394,0.3276,0.0971,0.2516,16,0.0312
104001,1.4.1,1,4,1,104001,mtatsminda_2019_38,ნოდარ ინანეიშვილი,0,0,1566,513,152,394,0.3276,0.0971,0.2516,16,0.0312
104001,1.4.1,1,4,1,104001,mtatsminda_2019_41,ვლადიმერ კახაძე,255,0.5131,1566,513,152,394,0.3276,0.0971,0.2516,16,0.0312
104001,1.4.1,1,4,1,104001,mtatsminda_2019_42,ლევან იოსელიანი,28,0.0563,1566,513,152,394,0.3276,0.0971,0.2516,16,0.0312
104001,1.4.1,1,4,1,104001,mtatsminda_2019_43,კობა დავითაშვილი,11,0.0221,1566,513,152,394,0.3276,0.0971,0.2516,16,0.0312
104001,1.4.1,1,4,1,104001,mtatsminda_2019_44,სოფიო ხორგუანი,14,0.0282,1566,513,152,394,0.3276,0.0971,0.2516,16,0.0312
104001,1.4.1,1,4,1,104001,mtatsminda_2019_45,გრიგოლ გეგელია,15,0.0302,1566,513,152,394,0.3276,0.0971,0.2516,16,0.0312
104001,1.4.1,1,4,1,104001,mtatsminda_2019_46,იოსებ კობერიძე,2,0.004,1566,513,152,394,0.3276,0.0971,0.2516,16,0.0312
104001,1.4.1,1,4,1,104001,mtatsminda_2019_47,თამარ ალფაიძე,0,0,1566,513,152,394,0.3276,0.0971,0.2516,16,0.0312
101002,1.1.2,1,1,2,101002,mtatsminda_2019_4,ნიტა სიხარულიძე,0,0,1287,441,147,352,0.3427,0.1142,0.2735,4,0.0091
101002,1.1.2,1,1,2,101002,mtatsminda_2019_9,გიორგი ანდრიაძე,3,0.0069,1287,441,147,352,0.3427,0.1142,0.2735,4,0.0091
101002,1.1.2,1,1,2,101002,mtatsminda_2019_13,შალვა შავგულიძე,139,0.3181,1287,441,147,352,0.3427,0.1142,0.2735,4,0.0091
101002,1.1.2,1,1,2,101002,mtatsminda_2019_17,გიორგი ლილუაშვილი,0,0,1287,441,147,352,0.3427,0.1142,0.2735,4,0.0091
101002,1.1.2,1,1,2,101002,mtatsminda_2019_21,გიორგი შალიკაშვილი,0,0,1287,441,147,352,0.3427,0.1142,0.2735,4,0.0091
101002,1.1.2,1,1,2,101002,mtatsminda_2019_23,თებეა თენგიანი,0,0,1287,441,147,352,0.3427,0.1142,0.2735,4,0.0091
101002,1.1.2,1,1,2,101002,mtatsminda_2019_24,მამუკა ტუსკაძე,1,0.0023,1287,441,147,352,0.3427,0.1142,0.2735,4,0.0091
101002,1.1.2,1,1,2,101002,mtatsminda_2019_27,ვალისა ღვინჯილია,1,0.0023,1287,441,147,352,0.3427,0.1142,0.2735,4,0.0091
101002,1.1.2,1,1,2,101002,mtatsminda_2019_28,მიხეილ სალუაშვილი,0,0,1287,441,147,352,0.3427,0.1142,0.2735,4,0.0091
101002,1.1.2,1,1,2,101002,mtatsminda_2019_31,ირმა რაზმაძე,0,0,1287,441,147,352,0.3427,0.1142,0.2735,4,0.0091
101002,1.1.2,1,1,2,101002,mtatsminda_2019_33,ჯემალ ნადარეიშვილი,0,0,1287,441,147,352,0.3427,0.1142,0.2735,4,0.0091
101002,1.1.2,1,1,2,101002,mtatsminda_2019_35,გერმანე საბო,10,0.0229,1287,441,147,352,0.3427,0.1142,0.2735,4,0.0091
101002,1.1.2,1,1,2,101002,mtatsminda_2019_38,ნოდარ ინანეიშვილი,0,0,1287,441,147,352,0.3427,0.1142,0.2735,4,0.0091
101002,1.1.2,1,1,2,101002,mtatsminda_2019_41,ვლადიმერ კახაძე,186,0.4256,1287,441,147,352,0.3427,0.1142,0.2735,4,0.0091
101002,1.1.2,1,1,2,101002,mtatsminda_2019_42,ლევან იოსელიანი,60,0.1373,1287,441,147,352,0.3427,0.1142,0.2735,4,0.0091
101002,1.1.2,1,1,2,101002,mtatsminda_2019_43,კობა დავითაშვილი,15,0.0343,1287,441,147,352,0.3427,0.1142,0.2735,4,0.0091
101002,1.1.2,1,1,2,101002,mtatsminda_2019_44,სოფიო ხორგუანი,8,0.0183,1287,441,147,352,0.3427,0.1142,0.2735,4,0.0091
101002,1.1.2,1,1,2,101002,mtatsminda_2019_45,გრიგოლ გეგელია,13,0.0297,1287,441,147,352,0.3427,0.1142,0.2735,4,0.0091
101002,1.1.2,1,1,2,101002,mtatsminda_2019_46,იოსებ კობერიძე,1,0.0023,1287,441,147,352,0.3427,0.1142,0.2735,4,0.0091
101002,1.1.2,1,1,2,101002,mtatsminda_2019_47,თამარ ალფაიძე,0,0,1287,441,147,352,0.3427,0.1142,0.2735,4,0.0091
101003,1.1.3,1,1,3,101003,mtatsminda_2019_4,ნიტა სიხარულიძე,1,0.002,1500,505,132,371,0.3367,0.088,0.2473,6,0.0119
101003,1.1.3,1,1,3,101003,mtatsminda_2019_9,გიორგი ანდრიაძე,7,0.014,1500,505,132,371,0.3367,0.088,0.2473,6,0.0119
101003,1.1.3,1,1,3,101003,mtatsminda_2019_13,შალვა შავგულიძე,201,0.4028,1500,505,132,371,0.3367,0.088,0.2473,6,0.0119
101003,1.1.3,1,1,3,101003,mtatsminda_2019_17,გიორგი ლილუაშვილი,2,0.004,1500,505,132,371,0.3367,0.088,0.2473,6,0.0119
101003,1.1.3,1,1,3,101003,mtatsminda_2019_21,გიორგი შალიკაშვილი,1,0.002,1500,505,132,371,0.3367,0.088,0.2473,6,0.0119
101003,1.1.3,1,1,3,101003,mtatsminda_2019_23,თებეა თენგიანი,0,0,1500,505,132,371,0.3367,0.088,0.2473,6,0.0119
101003,1.1.3,1,1,3,101003,mtatsminda_2019_24,მამუკა ტუსკაძე,2,0.004,1500,505,132,371,0.3367,0.088,0.2473,6,0.0119
101003,1.1.3,1,1,3,101003,mtatsminda_2019_27,ვალისა ღვინჯილია,0,0,1500,505,132,371,0.3367,0.088,0.2473,6,0.0119
101003,1.1.3,1,1,3,101003,mtatsminda_2019_28,მიხეილ სალუაშვილი,0,0,1500,505,132,371,0.3367,0.088,0.2473,6,0.0119
101003,1.1.3,1,1,3,101003,mtatsminda_2019_31,ირმა რაზმაძე,1,0.002,1500,505,132,371,0.3367,0.088,0.2473,6,0.0119
101003,1.1.3,1,1,3,101003,mtatsminda_2019_33,ჯემალ ნადარეიშვილი,0,0,1500,505,132,371,0.3367,0.088,0.2473,6,0.0119
101003,1.1.3,1,1,3,101003,mtatsminda_2019_35,გერმანე საბო,28,0.0561,1500,505,132,371,0.3367,0.088,0.2473,6,0.0119
101003,1.1.3,1,1,3,101003,mtatsminda_2019_38,ნოდარ ინანეიშვილი,1,0.002,1500,505,132,371,0.3367,0.088,0.2473,6,0.0119
101003,1.1.3,1,1,3,101003,mtatsminda_2019_41,ვლადიმერ კახაძე,173,0.3467,1500,505,132,371,0.3367,0.088,0.2473,6,0.0119
101003,1.1.3,1,1,3,101003,mtatsminda_2019_42,ლევან იოსელიანი,34,0.0681,1500,505,132,371,0.3367,0.088,0.2473,6,0.0119
101003,1.1.3,1,1,3,101003,mtatsminda_2019_43,კობა დავითაშვილი,7,0.014,1500,505,132,371,0.3367,0.088,0.2473,6,0.0119
101003,1.1.3,1,1,3,101003,mtatsminda_2019_44,სოფიო ხორგუანი,24,0.0481,1500,505,132,371,0.3367,0.088,0.2473,6,0.0119
101003,1.1.3,1,1,3,101003,mtatsminda_2019_45,გრიგოლ გეგელია,12,0.024,1500,505,132,371,0.3367,0.088,0.2473,6,0.0119
101003,1.1.3,1,1,3,101003,mtatsminda_2019_46,იოსებ კობერიძე,4,0.008,1500,505,132,371,0.3367,0.088,0.2473,6,0.0119
101003,1.1.3,1,1,3,101003,mtatsminda_2019_47,თამარ ალფაიძე,1,0.002,1500,505,132,371,0.3367,0.088,0.2473,6,0.0119
101004,1.1.4,1,1,4,101004,mtatsminda_2019_4,ნიტა სიხარულიძე,1,0.0027,1222,381,137,300,0.3118,0.1121,0.2455,8,0.021
101004,1.1.4,1,1,4,101004,mtatsminda_2019_9,გიორგი ანდრიაძე,3,0.008,1222,381,137,300,0.3118,0.1121,0.2455,8,0.021
101004,1.1.4,1,1,4,101004,mtatsminda_2019_13,შალვა შავგულიძე,98,0.2627,1222,381,137,300,0.3118,0.1121,0.2455,8,0.021
101004,1.1.4,1,1,4,101004,mtatsminda_2019_17,გიორგი ლილუაშვილი,0,0,1222,381,137,300,0.3118,0.1121,0.2455,8,0.021
101004,1.1.4,1,1,4,101004,mtatsminda_2019_21,გიორგი შალიკაშვილი,0,0,1222,381,137,300,0.3118,0.1121,0.2455,8,0.021
101004,1.1.4,1,1,4,101004,mtatsminda_2019_23,თებეა თენგიანი,0,0,1222,381,137,300,0.3118,0.1121,0.2455,8,0.021
101004,1.1.4,1,1,4,101004,mtatsminda_2019_24,მამუკა ტუსკაძე,0,0,1222,381,137,300,0.3118,0.1121,0.2455,8,0.021
101004,1.1.4,1,1,4,101004,mtatsminda_2019_27,ვალისა ღვინჯილია,0,0,1222,381,137,300,0.3118,0.1121,0.2455,8,0.021
101004,1.1.4,1,1,4,101004,mtatsminda_2019_28,მიხეილ სალუაშვილი,1,0.0027,1222,381,137,300,0.3118,0.1121,0.2455,8,0.021
101004,1.1.4,1,1,4,101004,mtatsminda_2019_31,ირმა რაზმაძე,0,0,1222,381,137,300,0.3118,0.1121,0.2455,8,0.021
101004,1.1.4,1,1,4,101004,mtatsminda_2019_33,ჯემალ ნადარეიშვილი,3,0.008,1222,381,137,300,0.3118,0.1121,0.2455,8,0.021
101004,1.1.4,1,1,4,101004,mtatsminda_2019_35,გერმანე საბო,15,0.0402,1222,381,137,300,0.3118,0.1121,0.2455,8,0.021
101004,1.1.4,1,1,4,101004,mtatsminda_2019_38,ნოდარ ინანეიშვილი,1,0.0027,1222,381,137,300,0.3118,0.1121,0.2455,8,0.021
101004,1.1.4,1,1,4,101004,mtatsminda_2019_41,ვლადიმერ კახაძე,179,0.4799,1222,381,137,300,0.3118,0.1121,0.2455,8,0.021
101004,1.1.4,1,1,4,101004,mtatsminda_2019_42,ლევან იოსელიანი,47,0.126,1222,381,137,300,0.3118,0.1121,0.2455,8,0.021
101004,1.1.4,1,1,4,101004,mtatsminda_2019_43,კობა დავითაშვილი,11,0.0295,1222,381,137,300,0.3118,0.1121,0.2455,8,0.021
101004,1.1.4,1,1,4,101004,mtatsminda_2019_44,სოფიო ხორგუანი,8,0.0214,1222,381,137,300,0.3118,0.1121,0.2455,8,0.021
101004,1.1.4,1,1,4,101004,mtatsminda_2019_45,გრიგოლ გეგელია,6,0.0161,1222,381,137,300,0.3118,0.1121,0.2455,8,0.021
101004,1.1.4,1,1,4,101004,mtatsminda_2019_46,იოსებ კობერიძე,0,0,1222,381,137,300,0.3118,0.1121,0.2455,8,0.021
101004,1.1.4,1,1,4,101004,mtatsminda_2019_47,თამარ ალფაიძე,0,0,1222,381,137,300,0.3118,0.1121,0.2455,8,0.021
101005,1.1.5,1,1,5,101005,mtatsminda_2019_4,ნიტა სიხარულიძე,0,0,1553,482,113,363,0.3104,0.0728,0.2337,9,0.0187
101005,1.1.5,1,1,5,101005,mtatsminda_2019_9,გიორგი ანდრიაძე,5,0.0106,1553,482,113,363,0.3104,0.0728,0.2337,9,0.0187
101005,1.1.5,1,1,5,101005,mtatsminda_2019_13,შალვა შავგულიძე,131,0.277,1553,482,113,363,0.3104,0.0728,0.2337,9,0.0187
101005,1.1.5,1,1,5,101005,mtatsminda_2019_17,გიორგი ლილუაშვილი,1,0.0021,1553,482,113,363,0.3104,0.0728,0.2337,9,0.0187
101005,1.1.5,1,1,5,101005,mtatsminda_2019_21,გიორგი შალიკაშვილი,0,0,1553,482,113,363,0.3104,0.0728,0.2337,9,0.0187
101005,1.1.5,1,1,5,101005,mtatsminda_2019_23,თებეა თენგიანი,0,0,1553,482,113,363,0.3104,0.0728,0.2337,9,0.0187
101005,1.1.5,1,1,5,101005,mtatsminda_2019_24,მამუკა ტუსკაძე,0,0,1553,482,113,363,0.3104,0.0728,0.2337,9,0.0187
101005,1.1.5,1,1,5,101005,mtatsminda_2019_27,ვალისა ღვინჯილია,0,0,1553,482,113,363,0.3104,0.0728,0.2337,9,0.0187
101005,1.1.5,1,1,5,101005,mtatsminda_2019_28,მიხეილ სალუაშვილი,0,0,1553,482,113,363,0.3104,0.0728,0.2337,9,0.0187
101005,1.1.5,1,1,5,101005,mtatsminda_2019_31,ირმა რაზმაძე,2,0.0042,1553,482,113,363,0.3104,0.0728,0.2337,9,0.0187
101005,1.1.5,1,1,5,101005,mtatsminda_2019_33,ჯემალ ნადარეიშვილი,1,0.0021,1553,482,113,363,0.3104,0.0728,0.2337,9,0.0187
101005,1.1.5,1,1,5,101005,mtatsminda_2019_35,გერმანე საბო,24,0.0507,1553,482,113,363,0.3104,0.0728,0.2337,9,0.0187
101005,1.1.5,1,1,5,101005,mtatsminda_2019_38,ნოდარ ინანეიშვილი,0,0,1553,482,113,363,0.3104,0.0728,0.2337,9,0.0187
101005,1.1.5,1,1,5,101005,mtatsminda_2019_41,ვლადიმერ კახაძე,215,0.4545,1553,482,113,363,0.3104,0.0728,0.2337,9,0.0187
101005,1.1.5,1,1,5,101005,mtatsminda_2019_42,ლევან იოსელიანი,50,0.1057,1553,482,113,363,0.3104,0.0728,0.2337,9,0.0187
101005,1.1.5,1,1,5,101005,mtatsminda_2019_43,კობა დავითაშვილი,15,0.0317,1553,482,113,363,0.3104,0.0728,0.2337,9,0.0187
101005,1.1.5,1,1,5,101005,mtatsminda_2019_44,სოფიო ხორგუანი,13,0.0275,1553,482,113,363,0.3104,0.0728,0.2337,9,0.0187
101005,1.1.5,1,1,5,101005,mtatsminda_2019_45,გრიგოლ გეგელია,15,0.0317,1553,482,113,363,0.3104,0.0728,0.2337,9,0.0187
101005,1.1.5,1,1,5,101005,mtatsminda_2019_46,იოსებ კობერიძე,1,0.0021,1553,482,113,363,0.3104,0.0728,0.2337,9,0.0187
101005,1.1.5,1,1,5,101005,mtatsminda_2019_47,თამარ ალფაიძე,0,0,1553,482,113,363,0.3104,0.0728,0.2337,9,0.0187
101006,1.1.6,1,1,6,101006,mtatsminda_2019_4,ნიტა სიხარულიძე,2,0.0038,1486,549,171,432,0.3694,0.1151,0.2907,16,0.0291
101006,1.1.6,1,1,6,101006,mtatsminda_2019_9,გიორგი ანდრიაძე,6,0.0113,1486,549,171,432,0.3694,0.1151,0.2907,16,0.0291
101006,1.1.6,1,1,6,101006,mtatsminda_2019_13,შალვა შავგულიძე,175,0.3289,1486,549,171,432,0.3694,0.1151,0.2907,16,0.0291
101006,1.1.6,1,1,6,101006,mtatsminda_2019_17,გიორგი ლილუაშვილი,0,0,1486,549,171,432,0.3694,0.1151,0.2907,16,0.0291
101006,1.1.6,1,1,6,101006,mtatsminda_2019_21,გიორგი შალიკაშვილი,1,0.0019,1486,549,171,432,0.3694,0.1151,0.2907,16,0.0291
101006,1.1.6,1,1,6,101006,mtatsminda_2019_23,თებეა თენგიანი,1,0.0019,1486,549,171,432,0.3694,0.1151,0.2907,16,0.0291
101006,1.1.6,1,1,6,101006,mtatsminda_2019_24,მამუკა ტუსკაძე,0,0,1486,549,171,432,0.3694,0.1151,0.2907,16,0.0291
101006,1.1.6,1,1,6,101006,mtatsminda_2019_27,ვალისა ღვინჯილია,1,0.0019,1486,549,171,432,0.3694,0.1151,0.2907,16,0.0291
101006,1.1.6,1,1,6,101006,mtatsminda_2019_28,მიხეილ სალუაშვილი,1,0.0019,1486,549,171,432,0.3694,0.1151,0.2907,16,0.0291
101006,1.1.6,1,1,6,101006,mtatsminda_2019_31,ირმა რაზმაძე,0,0,1486,549,171,432,0.3694,0.1151,0.2907,16,0.0291
101006,1.1.6,1,1,6,101006,mtatsminda_2019_33,ჯემალ ნადარეიშვილი,1,0.0019,1486,549,171,432,0.3694,0.1151,0.2907,16,0.0291
101006,1.1.6,1,1,6,101006,mtatsminda_2019_35,გერმანე საბო,34,0.0639,1486,549,171,432,0.3694,0.1151,0.2907,16,0.0291
101006,1.1.6,1,1,6,101006,mtatsminda_2019_38,ნოდარ ინანეიშვილი,0,0,1486,549,171,432,0.3694,0.1151,0.2907,16,0.0291
101006,1.1.6,1,1,6,101006,mtatsminda_2019_41,ვლადიმერ კახაძე,212,0.3985,1486,549,171,432,0.3694,0.1151,0.2907,16,0.0291
101006,1.1.6,1,1,6,101006,mtatsminda_2019_42,ლევან იოსელიანი,31,0.0583,1486,549,171,432,0.3694,0.1151,0.2907,16,0.0291
101006,1.1.6,1,1,6,101006,mtatsminda_2019_43,კობა დავითაშვილი,21,0.0395,1486,549,171,432,0.3694,0.1151,0.2907,16,0.0291
101006,1.1.6,1,1,6,101006,mtatsminda_2019_44,სოფიო ხორგუანი,17,0.032,1486,549,171,432,0.3694,0.1151,0.2907,16,0.0291
101006,1.1.6,1,1,6,101006,mtatsminda_2019_45,გრიგოლ გეგელია,15,0.0282,1486,549,171,432,0.3694,0.1151,0.2907,16,0.0291
101006,1.1.6,1,1,6,101006,mtatsminda_2019_46,იოსებ კობერიძე,2,0.0038,1486,549,171,432,0.3694,0.1151,0.2907,16,0.0291
101006,1.1.6,1,1,6,101006,mtatsminda_2019_47,თამარ ალფაიძე,12,0.0226,1486,549,171,432,0.3694,0.1151,0.2907,16,0.0291
101007,1.1.7,1,1,7,101007,mtatsminda_2019_4,ნიტა სიხარულიძე,0,0,1433,481,139,360,0.3357,0.097,0.2512,12,0.0249
101007,1.1.7,1,1,7,101007,mtatsminda_2019_9,გიორგი ანდრიაძე,3,0.0065,1433,481,139,360,0.3357,0.097,0.2512,12,0.0249
101007,1.1.7,1,1,7,101007,mtatsminda_2019_13,შალვა შავგულიძე,173,0.372,1433,481,139,360,0.3357,0.097,0.2512,12,0.0249
101007,1.1.7,1,1,7,101007,mtatsminda_2019_17,გიორგი ლილუაშვილი,1,0.0022,1433,481,139,360,0.3357,0.097,0.2512,12,0.0249
101007,1.1.7,1,1,7,101007,mtatsminda_2019_21,გიორგი შალიკაშვილი,1,0.0022,1433,481,139,360,0.3357,0.097,0.2512,12,0.0249
101007,1.1.7,1,1,7,101007,mtatsminda_2019_23,თებეა თენგიანი,0,0,1433,481,139,360,0.3357,0.097,0.2512,12,0.0249
101007,1.1.7,1,1,7,101007,mtatsminda_2019_24,მამუკა ტუსკაძე,1,0.0022,1433,481,139,360,0.3357,0.097,0.2512,12,0.0249
101007,1.1.7,1,1,7,101007,mtatsminda_2019_27,ვალისა ღვინჯილია,0,0,1433,481,139,360,0.3357,0.097,0.2512,12,0.0249
101007,1.1.7,1,1,7,101007,mtatsminda_2019_28,მიხეილ სალუაშვილი,1,0.0022,1433,481,139,360,0.3357,0.097,0.2512,12,0.0249
101007,1.1.7,1,1,7,101007,mtatsminda_2019_31,ირმა რაზმაძე,0,0,1433,481,139,360,0.3357,0.097,0.2512,12,0.0249
101007,1.1.7,1,1,7,101007,mtatsminda_2019_33,ჯემალ ნადარეიშვილი,0,0,1433,481,139,360,0.3357,0.097,0.2512,12,0.0249
101007,1.1.7,1,1,7,101007,mtatsminda_2019_35,გერმანე საბო,17,0.0366,1433,481,139,360,0.3357,0.097,0.2512,12,0.0249
101007,1.1.7,1,1,7,101007,mtatsminda_2019_38,ნოდარ ინანეიშვილი,2,0.0043,1433,481,139,360,0.3357,0.097,0.2512,12,0.0249
101007,1.1.7,1,1,7,101007,mtatsminda_2019_41,ვლადიმერ კახაძე,179,0.3849,1433,481,139,360,0.3357,0.097,0.2512,12,0.0249
101007,1.1.7,1,1,7,101007,mtatsminda_2019_42,ლევან იოსელიანი,30,0.0645,1433,481,139,360,0.3357,0.097,0.2512,12,0.0249
101007,1.1.7,1,1,7,101007,mtatsminda_2019_43,კობა დავითაშვილი,13,0.028,1433,481,139,360,0.3357,0.097,0.2512,12,0.0249
101007,1.1.7,1,1,7,101007,mtatsminda_2019_44,სოფიო ხორგუანი,24,0.0516,1433,481,139,360,0.3357,0.097,0.2512,12,0.0249
101007,1.1.7,1,1,7,101007,mtatsminda_2019_45,გრიგოლ გეგელია,18,0.0387,1433,481,139,360,0.3357,0.097,0.2512,12,0.0249
101007,1.1.7,1,1,7,101007,mtatsminda_2019_46,იოსებ კობერიძე,0,0,1433,481,139,360,0.3357,0.097,0.2512,12,0.0249
101007,1.1.7,1,1,7,101007,mtatsminda_2019_47,თამარ ალფაიძე,2,0.0043,1433,481,139,360,0.3357,0.097,0.2512,12,0.0249
101008,1.1.8,1,1,8,101008,mtatsminda_2019_4,ნიტა სიხარულიძე,0,0,1158,339,82,253,0.2927,0.0708,0.2185,6,0.0177
101008,1.1.8,1,1,8,101008,mtatsminda_2019_9,გიორგი ანდრიაძე,2,0.006,1158,339,82,253,0.2927,0.0708,0.2185,6,0.0177
101008,1.1.8,1,1,8,101008,mtatsminda_2019_13,შალვა შავგულიძე,110,0.3303,1158,339,82,253,0.2927,0.0708,0.2185,6,0.0177
101008,1.1.8,1,1,8,101008,mtatsminda_2019_17,გიორგი ლილუაშვილი,0,0,1158,339,82,253,0.2927,0.0708,0.2185,6,0.0177
101008,1.1.8,1,1,8,101008,mtatsminda_2019_21,გიორგი შალიკაშვილი,1,0.003,1158,339,82,253,0.2927,0.0708,0.2185,6,0.0177
101008,1.1.8,1,1,8,101008,mtatsminda_2019_23,თებეა თენგიანი,1,0.003,1158,339,82,253,0.2927,0.0708,0.2185,6,0.0177
101008,1.1.8,1,1,8,101008,mtatsminda_2019_24,მამუკა ტუსკაძე,0,0,1158,339,82,253,0.2927,0.0708,0.2185,6,0.0177
101008,1.1.8,1,1,8,101008,mtatsminda_2019_27,ვალისა ღვინჯილია,0,0,1158,339,82,253,0.2927,0.0708,0.2185,6,0.0177
101008,1.1.8,1,1,8,101008,mtatsminda_2019_28,მიხეილ სალუაშვილი,0,0,1158,339,82,253,0.2927,0.0708,0.2185,6,0.0177
101008,1.1.8,1,1,8,101008,mtatsminda_2019_31,ირმა რაზმაძე,0,0,1158,339,82,253,0.2927,0.0708,0.2185,6,0.0177
101008,1.1.8,1,1,8,101008,mtatsminda_2019_33,ჯემალ ნადარეიშვილი,0,0,1158,339,82,253,0.2927,0.0708,0.2185,6,0.0177
101008,1.1.8,1,1,8,101008,mtatsminda_2019_35,გერმანე საბო,14,0.042,1158,339,82,253,0.2927,0.0708,0.2185,6,0.0177
101008,1.1.8,1,1,8,101008,mtatsminda_2019_38,ნოდარ ინანეიშვილი,1,0.003,1158,339,82,253,0.2927,0.0708,0.2185,6,0.0177
101008,1.1.8,1,1,8,101008,mtatsminda_2019_41,ვლადიმერ კახაძე,142,0.4264,1158,339,82,253,0.2927,0.0708,0.2185,6,0.0177
101008,1.1.8,1,1,8,101008,mtatsminda_2019_42,ლევან იოსელიანი,22,0.0661,1158,339,82,253,0.2927,0.0708,0.2185,6,0.0177
101008,1.1.8,1,1,8,101008,mtatsminda_2019_43,კობა დავითაშვილი,8,0.024,1158,339,82,253,0.2927,0.0708,0.2185,6,0.0177
101008,1.1.8,1,1,8,101008,mtatsminda_2019_44,სოფიო ხორგუანი,14,0.042,1158,339,82,253,0.2927,0.0708,0.2185,6,0.0177
101008,1.1.8,1,1,8,101008,mtatsminda_2019_45,გრიგოლ გეგელია,18,0.0541,1158,339,82,253,0.2927,0.0708,0.2185,6,0.0177
101008,1.1.8,1,1,8,101008,mtatsminda_2019_46,იოსებ კობერიძე,0,0,1158,339,82,253,0.2927,0.0708,0.2185,6,0.0177
101008,1.1.8,1,1,8,101008,mtatsminda_2019_47,თამარ ალფაიძე,0,0,1158,339,82,253,0.2927,0.0708,0.2185,6,0.0177
101009,1.1.9,1,1,9,101009,mtatsminda_2019_4,ნიტა სიხარულიძე,0,0,1465,513,142,404,0.3502,0.0969,0.2758,6,0.0117
101009,1.1.9,1,1,9,101009,mtatsminda_2019_9,გიორგი ანდრიაძე,4,0.0079,1465,513,142,404,0.3502,0.0969,0.2758,6,0.0117
101009,1.1.9,1,1,9,101009,mtatsminda_2019_13,შალვა შავგულიძე,179,0.3531,1465,513,142,404,0.3502,0.0969,0.2758,6,0.0117
101009,1.1.9,1,1,9,101009,mtatsminda_2019_17,გიორგი ლილუაშვილი,0,0,1465,513,142,404,0.3502,0.0969,0.2758,6,0.0117
101009,1.1.9,1,1,9,101009,mtatsminda_2019_21,გიორგი შალიკაშვილი,1,0.002,1465,513,142,404,0.3502,0.0969,0.2758,6,0.0117
101009,1.1.9,1,1,9,101009,mtatsminda_2019_23,თებეა თენგიანი,0,0,1465,513,142,404,0.3502,0.0969,0.2758,6,0.0117
101009,1.1.9,1,1,9,101009,mtatsminda_2019_24,მამუკა ტუსკაძე,0,0,1465,513,142,404,0.3502,0.0969,0.2758,6,0.0117
101009,1.1.9,1,1,9,101009,mtatsminda_2019_27,ვალისა ღვინჯილია,0,0,1465,513,142,404,0.3502,0.0969,0.2758,6,0.0117
101009,1.1.9,1,1,9,101009,mtatsminda_2019_28,მიხეილ სალუაშვილი,1,0.002,1465,513,142,404,0.3502,0.0969,0.2758,6,0.0117
101009,1.1.9,1,1,9,101009,mtatsminda_2019_31,ირმა რაზმაძე,1,0.002,1465,513,142,404,0.3502,0.0969,0.2758,6,0.0117
101009,1.1.9,1,1,9,101009,mtatsminda_2019_33,ჯემალ ნადარეიშვილი,0,0,1465,513,142,404,0.3502,0.0969,0.2758,6,0.0117
101009,1.1.9,1,1,9,101009,mtatsminda_2019_35,გერმანე საბო,27,0.0533,1465,513,142,404,0.3502,0.0969,0.2758,6,0.0117
101009,1.1.9,1,1,9,101009,mtatsminda_2019_38,ნოდარ ინანეიშვილი,0,0,1465,513,142,404,0.3502,0.0969,0.2758,6,0.0117
101009,1.1.9,1,1,9,101009,mtatsminda_2019_41,ვლადიმერ კახაძე,191,0.3767,1465,513,142,404,0.3502,0.0969,0.2758,6,0.0117
101009,1.1.9,1,1,9,101009,mtatsminda_2019_42,ლევან იოსელიანი,36,0.071,1465,513,142,404,0.3502,0.0969,0.2758,6,0.0117
101009,1.1.9,1,1,9,101009,mtatsminda_2019_43,კობა დავითაშვილი,19,0.0375,1465,513,142,404,0.3502,0.0969,0.2758,6,0.0117
101009,1.1.9,1,1,9,101009,mtatsminda_2019_44,სოფიო ხორგუანი,22,0.0434,1465,513,142,404,0.3502,0.0969,0.2758,6,0.0117
101009,1.1.9,1,1,9,101009,mtatsminda_2019_45,გრიგოლ გეგელია,25,0.0493,1465,513,142,404,0.3502,0.0969,0.2758,6,0.0117
101009,1.1.9,1,1,9,101009,mtatsminda_2019_46,იოსებ კობერიძე,1,0.002,1465,513,142,404,0.3502,0.0969,0.2758,6,0.0117
101009,1.1.9,1,1,9,101009,mtatsminda_2019_47,თამარ ალფაიძე,0,0,1465,513,142,404,0.3502,0.0969,0.2758,6,0.0117
101010,1.1.10,1,1,10,101010,mtatsminda_2019_4,ნიტა სიხარულიძე,1,0.0019,1519,548,158,439,0.3608,0.104,0.289,14,0.0255
101010,1.1.10,1,1,10,101010,mtatsminda_2019_9,გიორგი ანდრიაძე,5,0.0094,1519,548,158,439,0.3608,0.104,0.289,14,0.0255
101010,1.1.10,1,1,10,101010,mtatsminda_2019_13,შალვა შავგულიძე,205,0.3839,1519,548,158,439,0.3608,0.104,0.289,14,0.0255
101010,1.1.10,1,1,10,101010,mtatsminda_2019_17,გიორგი ლილუაშვილი,1,0.0019,1519,548,158,439,0.3608,0.104,0.289,14,0.0255
101010,1.1.10,1,1,10,101010,mtatsminda_2019_21,გიორგი შალიკაშვილი,0,0,1519,548,158,439,0.3608,0.104,0.289,14,0.0255
101010,1.1.10,1,1,10,101010,mtatsminda_2019_23,თებეა თენგიანი,0,0,1519,548,158,439,0.3608,0.104,0.289,14,0.0255
101010,1.1.10,1,1,10,101010,mtatsminda_2019_24,მამუკა ტუსკაძე,0,0,1519,548,158,439,0.3608,0.104,0.289,14,0.0255
101010,1.1.10,1,1,10,101010,mtatsminda_2019_27,ვალისა ღვინჯილია,0,0,1519,548,158,439,0.3608,0.104,0.289,14,0.0255
101010,1.1.10,1,1,10,101010,mtatsminda_2019_28,მიხეილ სალუაშვილი,0,0,1519,548,158,439,0.3608,0.104,0.289,14,0.0255
101010,1.1.10,1,1,10,101010,mtatsminda_2019_31,ირმა რაზმაძე,1,0.0019,1519,548,158,439,0.3608,0.104,0.289,14,0.0255
101010,1.1.10,1,1,10,101010,mtatsminda_2019_33,ჯემალ ნადარეიშვილი,0,0,1519,548,158,439,0.3608,0.104,0.289,14,0.0255
101010,1.1.10,1,1,10,101010,mtatsminda_2019_35,გერმანე საბო,23,0.0431,1519,548,158,439,0.3608,0.104,0.289,14,0.0255
101010,1.1.10,1,1,10,101010,mtatsminda_2019_38,ნოდარ ინანეიშვილი,0,0,1519,548,158,439,0.3608,0.104,0.289,14,0.0255
101010,1.1.10,1,1,10,101010,mtatsminda_2019_41,ვლადიმერ კახაძე,220,0.412,1519,548,158,439,0.3608,0.104,0.289,14,0.0255
101010,1.1.10,1,1,10,101010,mtatsminda_2019_42,ლევან იოსელიანი,38,0.0712,1519,548,158,439,0.3608,0.104,0.289,14,0.0255
101010,1.1.10,1,1,10,101010,mtatsminda_2019_43,კობა დავითაშვილი,13,0.0243,1519,548,158,439,0.3608,0.104,0.289,14,0.0255
101010,1.1.10,1,1,10,101010,mtatsminda_2019_44,სოფიო ხორგუანი,11,0.0206,1519,548,158,439,0.3608,0.104,0.289,14,0.0255
101010,1.1.10,1,1,10,101010,mtatsminda_2019_45,გრიგოლ გეგელია,14,0.0262,1519,548,158,439,0.3608,0.104,0.289,14,0.0255
101010,1.1.10,1,1,10,101010,mtatsminda_2019_46,იოსებ კობერიძე,0,0,1519,548,158,439,0.3608,0.104,0.289,14,0.0255
101010,1.1.10,1,1,10,101010,mtatsminda_2019_47,თამარ ალფაიძე,2,0.0037,1519,548,158,439,0.3608,0.104,0.289,14,0.0255
101011,1.1.11,1,1,11,101011,mtatsminda_2019_4,ნიტა სიხარულიძე,1,0.002,1539,511,176,384,0.332,0.1144,0.2495,14,0.0274
101011,1.1.11,1,1,11,101011,mtatsminda_2019_9,გიორგი ანდრიაძე,4,0.008,1539,511,176,384,0.332,0.1144,0.2495,14,0.0274
101011,1.1.11,1,1,11,101011,mtatsminda_2019_13,შალვა შავგულიძე,186,0.3742,1539,511,176,384,0.332,0.1144,0.2495,14,0.0274
101011,1.1.11,1,1,11,101011,mtatsminda_2019_17,გიორგი ლილუაშვილი,0,0,1539,511,176,384,0.332,0.1144,0.2495,14,0.0274
101011,1.1.11,1,1,11,101011,mtatsminda_2019_21,გიორგი შალიკაშვილი,0,0,1539,511,176,384,0.332,0.1144,0.2495,14,0.0274
101011,1.1.11,1,1,11,101011,mtatsminda_2019_23,თებეა თენგიანი,0,0,1539,511,176,384,0.332,0.1144,0.2495,14,0.0274
101011,1.1.11,1,1,11,101011,mtatsminda_2019_24,მამუკა ტუსკაძე,0,0,1539,511,176,384,0.332,0.1144,0.2495,14,0.0274
101011,1.1.11,1,1,11,101011,mtatsminda_2019_27,ვალისა ღვინჯილია,0,0,1539,511,176,384,0.332,0.1144,0.2495,14,0.0274
101011,1.1.11,1,1,11,101011,mtatsminda_2019_28,მიხეილ სალუაშვილი,1,0.002,1539,511,176,384,0.332,0.1144,0.2495,14,0.0274
101011,1.1.11,1,1,11,101011,mtatsminda_2019_31,ირმა რაზმაძე,0,0,1539,511,176,384,0.332,0.1144,0.2495,14,0.0274
101011,1.1.11,1,1,11,101011,mtatsminda_2019_33,ჯემალ ნადარეიშვილი,0,0,1539,511,176,384,0.332,0.1144,0.2495,14,0.0274
101011,1.1.11,1,1,11,101011,mtatsminda_2019_35,გერმანე საბო,31,0.0624,1539,511,176,384,0.332,0.1144,0.2495,14,0.0274
101011,1.1.11,1,1,11,101011,mtatsminda_2019_38,ნოდარ ინანეიშვილი,1,0.002,1539,511,176,384,0.332,0.1144,0.2495,14,0.0274
101011,1.1.11,1,1,11,101011,mtatsminda_2019_41,ვლადიმერ კახაძე,197,0.3964,1539,511,176,384,0.332,0.1144,0.2495,14,0.0274
101011,1.1.11,1,1,11,101011,mtatsminda_2019_42,ლევან იოსელიანი,38,0.0765,1539,511,176,384,0.332,0.1144,0.2495,14,0.0274
101011,1.1.11,1,1,11,101011,mtatsminda_2019_43,კობა დავითაშვილი,12,0.0241,1539,511,176,384,0.332,0.1144,0.2495,14,0.0274
101011,1.1.11,1,1,11,101011,mtatsminda_2019_44,სოფიო ხორგუანი,13,0.0262,1539,511,176,384,0.332,0.1144,0.2495,14,0.0274
101011,1.1.11,1,1,11,101011,mtatsminda_2019_45,გრიგოლ გეგელია,10,0.0201,1539,511,176,384,0.332,0.1144,0.2495,14,0.0274
101011,1.1.11,1,1,11,101011,mtatsminda_2019_46,იოსებ კობერიძე,0,0,1539,511,176,384,0.332,0.1144,0.2495,14,0.0274
101011,1.1.11,1,1,11,101011,mtatsminda_2019_47,თამარ ალფაიძე,3,0.006,1539,511,176,384,0.332,0.1144,0.2495,14,0.0274
101012,1.1.12,1,1,12,101012,mtatsminda_2019_4,ნიტა სიხარულიძე,0,0,1633,585,169,472,0.3582,0.1035,0.289,11,0.0188
101012,1.1.12,1,1,12,101012,mtatsminda_2019_9,გიორგი ანდრიაძე,4,0.007,1633,585,169,472,0.3582,0.1035,0.289,11,0.0188
101012,1.1.12,1,1,12,101012,mtatsminda_2019_13,შალვა შავგულიძე,229,0.399,1633,585,169,472,0.3582,0.1035,0.289,11,0.0188
101012,1.1.12,1,1,12,101012,mtatsminda_2019_17,გიორგი ლილუაშვილი,0,0,1633,585,169,472,0.3582,0.1035,0.289,11,0.0188
101012,1.1.12,1,1,12,101012,mtatsminda_2019_21,გიორგი შალიკაშვილი,0,0,1633,585,169,472,0.3582,0.1035,0.289,11,0.0188
101012,1.1.12,1,1,12,101012,mtatsminda_2019_23,თებეა თენგიანი,0,0,1633,585,169,472,0.3582,0.1035,0.289,11,0.0188
101012,1.1.12,1,1,12,101012,mtatsminda_2019_24,მამუკა ტუსკაძე,1,0.0017,1633,585,169,472,0.3582,0.1035,0.289,11,0.0188
101012,1.1.12,1,1,12,101012,mtatsminda_2019_27,ვალისა ღვინჯილია,0,0,1633,585,169,472,0.3582,0.1035,0.289,11,0.0188
101012,1.1.12,1,1,12,101012,mtatsminda_2019_28,მიხეილ სალუაშვილი,0,0,1633,585,169,472,0.3582,0.1035,0.289,11,0.0188
101012,1.1.12,1,1,12,101012,mtatsminda_2019_31,ირმა რაზმაძე,1,0.0017,1633,585,169,472,0.3582,0.1035,0.289,11,0.0188
101012,1.1.12,1,1,12,101012,mtatsminda_2019_33,ჯემალ ნადარეიშვილი,0,0,1633,585,169,472,0.3582,0.1035,0.289,11,0.0188
101012,1.1.12,1,1,12,101012,mtatsminda_2019_35,გერმანე საბო,34,0.0592,1633,585,169,472,0.3582,0.1035,0.289,11,0.0188
101012,1.1.12,1,1,12,101012,mtatsminda_2019_38,ნოდარ ინანეიშვილი,1,0.0017,1633,585,169,472,0.3582,0.1035,0.289,11,0.0188
101012,1.1.12,1,1,12,101012,mtatsminda_2019_41,ვლადიმერ კახაძე,207,0.3606,1633,585,169,472,0.3582,0.1035,0.289,11,0.0188
101012,1.1.12,1,1,12,101012,mtatsminda_2019_42,ლევან იოსელიანი,37,0.0645,1633,585,169,472,0.3582,0.1035,0.289,11,0.0188
101012,1.1.12,1,1,12,101012,mtatsminda_2019_43,კობა დავითაშვილი,27,0.047,1633,585,169,472,0.3582,0.1035,0.289,11,0.0188
101012,1.1.12,1,1,12,101012,mtatsminda_2019_44,სოფიო ხორგუანი,14,0.0244,1633,585,169,472,0.3582,0.1035,0.289,11,0.0188
101012,1.1.12,1,1,12,101012,mtatsminda_2019_45,გრიგოლ გეგელია,18,0.0314,1633,585,169,472,0.3582,0.1035,0.289,11,0.0188
101012,1.1.12,1,1,12,101012,mtatsminda_2019_46,იოსებ კობერიძე,0,0,1633,585,169,472,0.3582,0.1035,0.289,11,0.0188
101012,1.1.12,1,1,12,101012,mtatsminda_2019_47,თამარ ალფაიძე,1,0.0017,1633,585,169,472,0.3582,0.1035,0.289,11,0.0188
101013,1.1.13,1,1,13,101013,mtatsminda_2019_4,ნიტა სიხარულიძე,2,0.0047,1286,432,161,357,0.3359,0.1252,0.2776,6,0.0139
101013,1.1.13,1,1,13,101013,mtatsminda_2019_9,გიორგი ანდრიაძე,3,0.007,1286,432,161,357,0.3359,0.1252,0.2776,6,0.0139
101013,1.1.13,1,1,13,101013,mtatsminda_2019_13,შალვა შავგულიძე,131,0.3075,1286,432,161,357,0.3359,0.1252,0.2776,6,0.0139
101013,1.1.13,1,1,13,101013,mtatsminda_2019_17,გიორგი ლილუაშვილი,0,0,1286,432,161,357,0.3359,0.1252,0.2776,6,0.0139
101013,1.1.13,1,1,13,101013,mtatsminda_2019_21,გიორგი შალიკაშვილი,0,0,1286,432,161,357,0.3359,0.1252,0.2776,6,0.0139
101013,1.1.13,1,1,13,101013,mtatsminda_2019_23,თებეა თენგიანი,0,0,1286,432,161,357,0.3359,0.1252,0.2776,6,0.0139
101013,1.1.13,1,1,13,101013,mtatsminda_2019_24,მამუკა ტუსკაძე,0,0,1286,432,161,357,0.3359,0.1252,0.2776,6,0.0139
101013,1.1.13,1,1,13,101013,mtatsminda_2019_27,ვალისა ღვინჯილია,1,0.0023,1286,432,161,357,0.3359,0.1252,0.2776,6,0.0139
101013,1.1.13,1,1,13,101013,mtatsminda_2019_28,მიხეილ სალუაშვილი,0,0,1286,432,161,357,0.3359,0.1252,0.2776,6,0.0139
101013,1.1.13,1,1,13,101013,mtatsminda_2019_31,ირმა რაზმაძე,0,0,1286,432,161,357,0.3359,0.1252,0.2776,6,0.0139
101013,1.1.13,1,1,13,101013,mtatsminda_2019_33,ჯემალ ნადარეიშვილი,0,0,1286,432,161,357,0.3359,0.1252,0.2776,6,0.0139
101013,1.1.13,1,1,13,101013,mtatsminda_2019_35,გერმანე საბო,11,0.0258,1286,432,161,357,0.3359,0.1252,0.2776,6,0.0139
101013,1.1.13,1,1,13,101013,mtatsminda_2019_38,ნოდარ ინანეიშვილი,0,0,1286,432,161,357,0.3359,0.1252,0.2776,6,0.0139
101013,1.1.13,1,1,13,101013,mtatsminda_2019_41,ვლადიმერ კახაძე,235,0.5516,1286,432,161,357,0.3359,0.1252,0.2776,6,0.0139
101013,1.1.13,1,1,13,101013,mtatsminda_2019_42,ლევან იოსელიანი,8,0.0188,1286,432,161,357,0.3359,0.1252,0.2776,6,0.0139
101013,1.1.13,1,1,13,101013,mtatsminda_2019_43,კობა დავითაშვილი,6,0.0141,1286,432,161,357,0.3359,0.1252,0.2776,6,0.0139
101013,1.1.13,1,1,13,101013,mtatsminda_2019_44,სოფიო ხორგუანი,16,0.0376,1286,432,161,357,0.3359,0.1252,0.2776,6,0.0139
101013,1.1.13,1,1,13,101013,mtatsminda_2019_45,გრიგოლ გეგელია,11,0.0258,1286,432,161,357,0.3359,0.1252,0.2776,6,0.0139
101013,1.1.13,1,1,13,101013,mtatsminda_2019_46,იოსებ კობერიძე,0,0,1286,432,161,357,0.3359,0.1252,0.2776,6,0.0139
101013,1.1.13,1,1,13,101013,mtatsminda_2019_47,თამარ ალფაიძე,2,0.0047,1286,432,161,357,0.3359,0.1252,0.2776,6,0.0139
101014,1.1.14,1,1,14,101014,mtatsminda_2019_4,ნიტა სიხარულიძე,0,0,1219,429,136,331,0.3519,0.1116,0.2715,5,0.0117
101014,1.1.14,1,1,14,101014,mtatsminda_2019_9,გიორგი ანდრიაძე,5,0.0118,1219,429,136,331,0.3519,0.1116,0.2715,5,0.0117
101014,1.1.14,1,1,14,101014,mtatsminda_2019_13,შალვა შავგულიძე,175,0.4127,1219,429,136,331,0.3519,0.1116,0.2715,5,0.0117
101014,1.1.14,1,1,14,101014,mtatsminda_2019_17,გიორგი ლილუაშვილი,1,0.0024,1219,429,136,331,0.3519,0.1116,0.2715,5,0.0117
101014,1.1.14,1,1,14,101014,mtatsminda_2019_21,გიორგი შალიკაშვილი,0,0,1219,429,136,331,0.3519,0.1116,0.2715,5,0.0117
101014,1.1.14,1,1,14,101014,mtatsminda_2019_23,თებეა თენგიანი,0,0,1219,429,136,331,0.3519,0.1116,0.2715,5,0.0117
101014,1.1.14,1,1,14,101014,mtatsminda_2019_24,მამუკა ტუსკაძე,0,0,1219,429,136,331,0.3519,0.1116,0.2715,5,0.0117
101014,1.1.14,1,1,14,101014,mtatsminda_2019_27,ვალისა ღვინჯილია,0,0,1219,429,136,331,0.3519,0.1116,0.2715,5,0.0117
101014,1.1.14,1,1,14,101014,mtatsminda_2019_28,მიხეილ სალუაშვილი,0,0,1219,429,136,331,0.3519,0.1116,0.2715,5,0.0117
101014,1.1.14,1,1,14,101014,mtatsminda_2019_31,ირმა რაზმაძე,0,0,1219,429,136,331,0.3519,0.1116,0.2715,5,0.0117
101014,1.1.14,1,1,14,101014,mtatsminda_2019_33,ჯემალ ნადარეიშვილი,1,0.0024,1219,429,136,331,0.3519,0.1116,0.2715,5,0.0117
101014,1.1.14,1,1,14,101014,mtatsminda_2019_35,გერმანე საბო,25,0.059,1219,429,136,331,0.3519,0.1116,0.2715,5,0.0117
101014,1.1.14,1,1,14,101014,mtatsminda_2019_38,ნოდარ ინანეიშვილი,0,0,1219,429,136,331,0.3519,0.1116,0.2715,5,0.0117
101014,1.1.14,1,1,14,101014,mtatsminda_2019_41,ვლადიმერ კახაძე,164,0.3868,1219,429,136,331,0.3519,0.1116,0.2715,5,0.0117
101014,1.1.14,1,1,14,101014,mtatsminda_2019_42,ლევან იოსელიანი,16,0.0377,1219,429,136,331,0.3519,0.1116,0.2715,5,0.0117
101014,1.1.14,1,1,14,101014,mtatsminda_2019_43,კობა დავითაშვილი,12,0.0283,1219,429,136,331,0.3519,0.1116,0.2715,5,0.0117
101014,1.1.14,1,1,14,101014,mtatsminda_2019_44,სოფიო ხორგუანი,18,0.0425,1219,429,136,331,0.3519,0.1116,0.2715,5,0.0117
101014,1.1.14,1,1,14,101014,mtatsminda_2019_45,გრიგოლ გეგელია,6,0.0142,1219,429,136,331,0.3519,0.1116,0.2715,5,0.0117
101014,1.1.14,1,1,14,101014,mtatsminda_2019_46,იოსებ კობერიძე,1,0.0024,1219,429,136,331,0.3519,0.1116,0.2715,5,0.0117
101014,1.1.14,1,1,14,101014,mtatsminda_2019_47,თამარ ალფაიძე,0,0,1219,429,136,331,0.3519,0.1116,0.2715,5,0.0117
101015,1.1.15,1,1,15,101015,mtatsminda_2019_4,ნიტა სიხარულიძე,0,0,1400,558,171,440,0.3986,0.1221,0.3143,12,0.0215
101015,1.1.15,1,1,15,101015,mtatsminda_2019_9,გიორგი ანდრიაძე,3,0.0055,1400,558,171,440,0.3986,0.1221,0.3143,12,0.0215
101015,1.1.15,1,1,15,101015,mtatsminda_2019_13,შალვა შავგულიძე,181,0.3315,1400,558,171,440,0.3986,0.1221,0.3143,12,0.0215
101015,1.1.15,1,1,15,101015,mtatsminda_2019_17,გიორგი ლილუაშვილი,1,0.0018,1400,558,171,440,0.3986,0.1221,0.3143,12,0.0215
101015,1.1.15,1,1,15,101015,mtatsminda_2019_21,გიორგი შალიკაშვილი,1,0.0018,1400,558,171,440,0.3986,0.1221,0.3143,12,0.0215
101015,1.1.15,1,1,15,101015,mtatsminda_2019_23,თებეა თენგიანი,0,0,1400,558,171,440,0.3986,0.1221,0.3143,12,0.0215
101015,1.1.15,1,1,15,101015,mtatsminda_2019_24,მამუკა ტუსკაძე,0,0,1400,558,171,440,0.3986,0.1221,0.3143,12,0.0215
101015,1.1.15,1,1,15,101015,mtatsminda_2019_27,ვალისა ღვინჯილია,0,0,1400,558,171,440,0.3986,0.1221,0.3143,12,0.0215
101015,1.1.15,1,1,15,101015,mtatsminda_2019_28,მიხეილ სალუაშვილი,1,0.0018,1400,558,171,440,0.3986,0.1221,0.3143,12,0.0215
101015,1.1.15,1,1,15,101015,mtatsminda_2019_31,ირმა რაზმაძე,1,0.0018,1400,558,171,440,0.3986,0.1221,0.3143,12,0.0215
101015,1.1.15,1,1,15,101015,mtatsminda_2019_33,ჯემალ ნადარეიშვილი,0,0,1400,558,171,440,0.3986,0.1221,0.3143,12,0.0215
101015,1.1.15,1,1,15,101015,mtatsminda_2019_35,გერმანე საბო,24,0.044,1400,558,171,440,0.3986,0.1221,0.3143,12,0.0215
101015,1.1.15,1,1,15,101015,mtatsminda_2019_38,ნოდარ ინანეიშვილი,0,0,1400,558,171,440,0.3986,0.1221,0.3143,12,0.0215
101015,1.1.15,1,1,15,101015,mtatsminda_2019_41,ვლადიმერ კახაძე,247,0.4524,1400,558,171,440,0.3986,0.1221,0.3143,12,0.0215
101015,1.1.15,1,1,15,101015,mtatsminda_2019_42,ლევან იოსელიანი,34,0.0623,1400,558,171,440,0.3986,0.1221,0.3143,12,0.0215
101015,1.1.15,1,1,15,101015,mtatsminda_2019_43,კობა დავითაშვილი,20,0.0366,1400,558,171,440,0.3986,0.1221,0.3143,12,0.0215
101015,1.1.15,1,1,15,101015,mtatsminda_2019_44,სოფიო ხორგუანი,4,0.0073,1400,558,171,440,0.3986,0.1221,0.3143,12,0.0215
101015,1.1.15,1,1,15,101015,mtatsminda_2019_45,გრიგოლ გეგელია,23,0.0421,1400,558,171,440,0.3986,0.1221,0.3143,12,0.0215
101015,1.1.15,1,1,15,101015,mtatsminda_2019_46,იოსებ კობერიძე,2,0.0037,1400,558,171,440,0.3986,0.1221,0.3143,12,0.0215
101015,1.1.15,1,1,15,101015,mtatsminda_2019_47,თამარ ალფაიძე,4,0.0073,1400,558,171,440,0.3986,0.1221,0.3143,12,0.0215
101016,1.1.16,1,1,16,101016,mtatsminda_2019_4,ნიტა სიხარულიძე,1,0.002,1506,518,151,391,0.344,0.1003,0.2596,6,0.0116
101016,1.1.16,1,1,16,101016,mtatsminda_2019_9,გიორგი ანდრიაძე,6,0.0117,1506,518,151,391,0.344,0.1003,0.2596,6,0.0116
101016,1.1.16,1,1,16,101016,mtatsminda_2019_13,შალვა შავგულიძე,206,0.4023,1506,518,151,391,0.344,0.1003,0.2596,6,0.0116
101016,1.1.16,1,1,16,101016,mtatsminda_2019_17,გიორგი ლილუაშვილი,0,0,1506,518,151,391,0.344,0.1003,0.2596,6,0.0116
101016,1.1.16,1,1,16,101016,mtatsminda_2019_21,გიორგი შალიკაშვილი,0,0,1506,518,151,391,0.344,0.1003,0.2596,6,0.0116
101016,1.1.16,1,1,16,101016,mtatsminda_2019_23,თებეა თენგიანი,0,0,1506,518,151,391,0.344,0.1003,0.2596,6,0.0116
101016,1.1.16,1,1,16,101016,mtatsminda_2019_24,მამუკა ტუსკაძე,0,0,1506,518,151,391,0.344,0.1003,0.2596,6,0.0116
101016,1.1.16,1,1,16,101016,mtatsminda_2019_27,ვალისა ღვინჯილია,1,0.002,1506,518,151,391,0.344,0.1003,0.2596,6,0.0116
101016,1.1.16,1,1,16,101016,mtatsminda_2019_28,მიხეილ სალუაშვილი,0,0,1506,518,151,391,0.344,0.1003,0.2596,6,0.0116
101016,1.1.16,1,1,16,101016,mtatsminda_2019_31,ირმა რაზმაძე,1,0.002,1506,518,151,391,0.344,0.1003,0.2596,6,0.0116
101016,1.1.16,1,1,16,101016,mtatsminda_2019_33,ჯემალ ნადარეიშვილი,3,0.0059,1506,518,151,391,0.344,0.1003,0.2596,6,0.0116
101016,1.1.16,1,1,16,101016,mtatsminda_2019_35,გერმანე საბო,15,0.0293,1506,518,151,391,0.344,0.1003,0.2596,6,0.0116
101016,1.1.16,1,1,16,101016,mtatsminda_2019_38,ნოდარ ინანეიშვილი,0,0,1506,518,151,391,0.344,0.1003,0.2596,6,0.0116
101016,1.1.16,1,1,16,101016,mtatsminda_2019_41,ვლადიმერ კახაძე,184,0.3594,1506,518,151,391,0.344,0.1003,0.2596,6,0.0116
101016,1.1.16,1,1,16,101016,mtatsminda_2019_42,ლევან იოსელიანი,50,0.0977,1506,518,151,391,0.344,0.1003,0.2596,6,0.0116
101016,1.1.16,1,1,16,101016,mtatsminda_2019_43,კობა დავითაშვილი,13,0.0254,1506,518,151,391,0.344,0.1003,0.2596,6,0.0116
101016,1.1.16,1,1,16,101016,mtatsminda_2019_44,სოფიო ხორგუანი,10,0.0195,1506,518,151,391,0.344,0.1003,0.2596,6,0.0116
101016,1.1.16,1,1,16,101016,mtatsminda_2019_45,გრიგოლ გეგელია,21,0.041,1506,518,151,391,0.344,0.1003,0.2596,6,0.0116
101016,1.1.16,1,1,16,101016,mtatsminda_2019_46,იოსებ კობერიძე,1,0.002,1506,518,151,391,0.344,0.1003,0.2596,6,0.0116
101016,1.1.16,1,1,16,101016,mtatsminda_2019_47,თამარ ალფაიძე,0,0,1506,518,151,391,0.344,0.1003,0.2596,6,0.0116
101017,1.1.17,1,1,17,101017,mtatsminda_2019_4,ნიტა სიხარულიძე,1,0.0035,990,293,81,238,0.296,0.0818,0.2404,4,0.0137
101017,1.1.17,1,1,17,101017,mtatsminda_2019_9,გიორგი ანდრიაძე,3,0.0104,990,293,81,238,0.296,0.0818,0.2404,4,0.0137
101017,1.1.17,1,1,17,101017,mtatsminda_2019_13,შალვა შავგულიძე,113,0.391,990,293,81,238,0.296,0.0818,0.2404,4,0.0137
101017,1.1.17,1,1,17,101017,mtatsminda_2019_17,გიორგი ლილუაშვილი,0,0,990,293,81,238,0.296,0.0818,0.2404,4,0.0137
101017,1.1.17,1,1,17,101017,mtatsminda_2019_21,გიორგი შალიკაშვილი,0,0,990,293,81,238,0.296,0.0818,0.2404,4,0.0137
101017,1.1.17,1,1,17,101017,mtatsminda_2019_23,თებეა თენგიანი,0,0,990,293,81,238,0.296,0.0818,0.2404,4,0.0137
101017,1.1.17,1,1,17,101017,mtatsminda_2019_24,მამუკა ტუსკაძე,0,0,990,293,81,238,0.296,0.0818,0.2404,4,0.0137
101017,1.1.17,1,1,17,101017,mtatsminda_2019_27,ვალისა ღვინჯილია,0,0,990,293,81,238,0.296,0.0818,0.2404,4,0.0137
101017,1.1.17,1,1,17,101017,mtatsminda_2019_28,მიხეილ სალუაშვილი,0,0,990,293,81,238,0.296,0.0818,0.2404,4,0.0137
101017,1.1.17,1,1,17,101017,mtatsminda_2019_31,ირმა რაზმაძე,0,0,990,293,81,238,0.296,0.0818,0.2404,4,0.0137
101017,1.1.17,1,1,17,101017,mtatsminda_2019_33,ჯემალ ნადარეიშვილი,0,0,990,293,81,238,0.296,0.0818,0.2404,4,0.0137
101017,1.1.17,1,1,17,101017,mtatsminda_2019_35,გერმანე საბო,19,0.0657,990,293,81,238,0.296,0.0818,0.2404,4,0.0137
101017,1.1.17,1,1,17,101017,mtatsminda_2019_38,ნოდარ ინანეიშვილი,0,0,990,293,81,238,0.296,0.0818,0.2404,4,0.0137
101017,1.1.17,1,1,17,101017,mtatsminda_2019_41,ვლადიმერ კახაძე,105,0.3633,990,293,81,238,0.296,0.0818,0.2404,4,0.0137
101017,1.1.17,1,1,17,101017,mtatsminda_2019_42,ლევან იოსელიანი,20,0.0692,990,293,81,238,0.296,0.0818,0.2404,4,0.0137
101017,1.1.17,1,1,17,101017,mtatsminda_2019_43,კობა დავითაშვილი,9,0.0311,990,293,81,238,0.296,0.0818,0.2404,4,0.0137
101017,1.1.17,1,1,17,101017,mtatsminda_2019_44,სოფიო ხორგუანი,6,0.0208,990,293,81,238,0.296,0.0818,0.2404,4,0.0137
101017,1.1.17,1,1,17,101017,mtatsminda_2019_45,გრიგოლ გეგელია,10,0.0346,990,293,81,238,0.296,0.0818,0.2404,4,0.0137
101017,1.1.17,1,1,17,101017,mtatsminda_2019_46,იოსებ კობერიძე,0,0,990,293,81,238,0.296,0.0818,0.2404,4,0.0137
101017,1.1.17,1,1,17,101017,mtatsminda_2019_47,თამარ ალფაიძე,3,0.0104,990,293,81,238,0.296,0.0818,0.2404,4,0.0137
101018,1.1.18,1,1,18,101018,mtatsminda_2019_4,ნიტა სიხარულიძე,0,0,1105,350,106,266,0.3167,0.0959,0.2407,5,0.0143
101018,1.1.18,1,1,18,101018,mtatsminda_2019_9,გიორგი ანდრიაძე,7,0.0203,1105,350,106,266,0.3167,0.0959,0.2407,5,0.0143
101018,1.1.18,1,1,18,101018,mtatsminda_2019_13,შალვა შავგულიძე,141,0.4087,1105,350,106,266,0.3167,0.0959,0.2407,5,0.0143
101018,1.1.18,1,1,18,101018,mtatsminda_2019_17,გიორგი ლილუაშვილი,0,0,1105,350,106,266,0.3167,0.0959,0.2407,5,0.0143
101018,1.1.18,1,1,18,101018,mtatsminda_2019_21,გიორგი შალიკაშვილი,0,0,1105,350,106,266,0.3167,0.0959,0.2407,5,0.0143
101018,1.1.18,1,1,18,101018,mtatsminda_2019_23,თებეა თენგიანი,1,0.0029,1105,350,106,266,0.3167,0.0959,0.2407,5,0.0143
101018,1.1.18,1,1,18,101018,mtatsminda_2019_24,მამუკა ტუსკაძე,0,0,1105,350,106,266,0.3167,0.0959,0.2407,5,0.0143
101018,1.1.18,1,1,18,101018,mtatsminda_2019_27,ვალისა ღვინჯილია,0,0,1105,350,106,266,0.3167,0.0959,0.2407,5,0.0143
101018,1.1.18,1,1,18,101018,mtatsminda_2019_28,მიხეილ სალუაშვილი,0,0,1105,350,106,266,0.3167,0.0959,0.2407,5,0.0143
101018,1.1.18,1,1,18,101018,mtatsminda_2019_31,ირმა რაზმაძე,1,0.0029,1105,350,106,266,0.3167,0.0959,0.2407,5,0.0143
101018,1.1.18,1,1,18,101018,mtatsminda_2019_33,ჯემალ ნადარეიშვილი,0,0,1105,350,106,266,0.3167,0.0959,0.2407,5,0.0143
101018,1.1.18,1,1,18,101018,mtatsminda_2019_35,გერმანე საბო,11,0.0319,1105,350,106,266,0.3167,0.0959,0.2407,5,0.0143
101018,1.1.18,1,1,18,101018,mtatsminda_2019_38,ნოდარ ინანეიშვილი,0,0,1105,350,106,266,0.3167,0.0959,0.2407,5,0.0143
101018,1.1.18,1,1,18,101018,mtatsminda_2019_41,ვლადიმერ კახაძე,140,0.4058,1105,350,106,266,0.3167,0.0959,0.2407,5,0.0143
101018,1.1.18,1,1,18,101018,mtatsminda_2019_42,ლევან იოსელიანი,13,0.0377,1105,350,106,266,0.3167,0.0959,0.2407,5,0.0143
101018,1.1.18,1,1,18,101018,mtatsminda_2019_43,კობა დავითაშვილი,10,0.029,1105,350,106,266,0.3167,0.0959,0.2407,5,0.0143
101018,1.1.18,1,1,18,101018,mtatsminda_2019_44,სოფიო ხორგუანი,8,0.0232,1105,350,106,266,0.3167,0.0959,0.2407,5,0.0143
101018,1.1.18,1,1,18,101018,mtatsminda_2019_45,გრიგოლ გეგელია,10,0.029,1105,350,106,266,0.3167,0.0959,0.2407,5,0.0143
101018,1.1.18,1,1,18,101018,mtatsminda_2019_46,იოსებ კობერიძე,0,0,1105,350,106,266,0.3167,0.0959,0.2407,5,0.0143
101018,1.1.18,1,1,18,101018,mtatsminda_2019_47,თამარ ალფაიძე,3,0.0087,1105,350,106,266,0.3167,0.0959,0.2407,5,0.0143
101019,1.1.19,1,1,19,101019,mtatsminda_2019_4,ნიტა სიხარულიძე,0,0,1491,436,121,345,0.2924,0.0812,0.2314,12,0.0275
101019,1.1.19,1,1,19,101019,mtatsminda_2019_9,გიორგი ანდრიაძე,5,0.0118,1491,436,121,345,0.2924,0.0812,0.2314,12,0.0275
101019,1.1.19,1,1,19,101019,mtatsminda_2019_13,შალვა შავგულიძე,147,0.3467,1491,436,121,345,0.2924,0.0812,0.2314,12,0.0275
101019,1.1.19,1,1,19,101019,mtatsminda_2019_17,გიორგი ლილუაშვილი,1,0.0024,1491,436,121,345,0.2924,0.0812,0.2314,12,0.0275
101019,1.1.19,1,1,19,101019,mtatsminda_2019_21,გიორგი შალიკაშვილი,0,0,1491,436,121,345,0.2924,0.0812,0.2314,12,0.0275
101019,1.1.19,1,1,19,101019,mtatsminda_2019_23,თებეა თენგიანი,0,0,1491,436,121,345,0.2924,0.0812,0.2314,12,0.0275
101019,1.1.19,1,1,19,101019,mtatsminda_2019_24,მამუკა ტუსკაძე,1,0.0024,1491,436,121,345,0.2924,0.0812,0.2314,12,0.0275
101019,1.1.19,1,1,19,101019,mtatsminda_2019_27,ვალისა ღვინჯილია,0,0,1491,436,121,345,0.2924,0.0812,0.2314,12,0.0275
101019,1.1.19,1,1,19,101019,mtatsminda_2019_28,მიხეილ სალუაშვილი,1,0.0024,1491,436,121,345,0.2924,0.0812,0.2314,12,0.0275
101019,1.1.19,1,1,19,101019,mtatsminda_2019_31,ირმა რაზმაძე,2,0.0047,1491,436,121,345,0.2924,0.0812,0.2314,12,0.0275
101019,1.1.19,1,1,19,101019,mtatsminda_2019_33,ჯემალ ნადარეიშვილი,1,0.0024,1491,436,121,345,0.2924,0.0812,0.2314,12,0.0275
101019,1.1.19,1,1,19,101019,mtatsminda_2019_35,გერმანე საბო,19,0.0448,1491,436,121,345,0.2924,0.0812,0.2314,12,0.0275
101019,1.1.19,1,1,19,101019,mtatsminda_2019_38,ნოდარ ინანეიშვილი,0,0,1491,436,121,345,0.2924,0.0812,0.2314,12,0.0275
101019,1.1.19,1,1,19,101019,mtatsminda_2019_41,ვლადიმერ კახაძე,182,0.4292,1491,436,121,345,0.2924,0.0812,0.2314,12,0.0275
101019,1.1.19,1,1,19,101019,mtatsminda_2019_42,ლევან იოსელიანი,21,0.0495,1491,436,121,345,0.2924,0.0812,0.2314,12,0.0275
101019,1.1.19,1,1,19,101019,mtatsminda_2019_43,კობა დავითაშვილი,6,0.0142,1491,436,121,345,0.2924,0.0812,0.2314,12,0.0275
101019,1.1.19,1,1,19,101019,mtatsminda_2019_44,სოფიო ხორგუანი,12,0.0283,1491,436,121,345,0.2924,0.0812,0.2314,12,0.0275
101019,1.1.19,1,1,19,101019,mtatsminda_2019_45,გრიგოლ გეგელია,24,0.0566,1491,436,121,345,0.2924,0.0812,0.2314,12,0.0275
101019,1.1.19,1,1,19,101019,mtatsminda_2019_46,იოსებ კობერიძე,0,0,1491,436,121,345,0.2924,0.0812,0.2314,12,0.0275
101019,1.1.19,1,1,19,101019,mtatsminda_2019_47,თამარ ალფაიძე,2,0.0047,1491,436,121,345,0.2924,0.0812,0.2314,12,0.0275
101020,1.1.20,1,1,20,101020,mtatsminda_2019_4,ნიტა სიხარულიძე,0,0,1378,493,156,374,0.3578,0.1132,0.2714,13,0.0264
101020,1.1.20,1,1,20,101020,mtatsminda_2019_9,გიორგი ანდრიაძე,8,0.0167,1378,493,156,374,0.3578,0.1132,0.2714,13,0.0264
101020,1.1.20,1,1,20,101020,mtatsminda_2019_13,შალვა შავგულიძე,236,0.4917,1378,493,156,374,0.3578,0.1132,0.2714,13,0.0264
101020,1.1.20,1,1,20,101020,mtatsminda_2019_17,გიორგი ლილუაშვილი,0,0,1378,493,156,374,0.3578,0.1132,0.2714,13,0.0264
101020,1.1.20,1,1,20,101020,mtatsminda_2019_21,გიორგი შალიკაშვილი,0,0,1378,493,156,374,0.3578,0.1132,0.2714,13,0.0264
101020,1.1.20,1,1,20,101020,mtatsminda_2019_23,თებეა თენგიანი,1,0.0021,1378,493,156,374,0.3578,0.1132,0.2714,13,0.0264
101020,1.1.20,1,1,20,101020,mtatsminda_2019_24,მამუკა ტუსკაძე,1,0.0021,1378,493,156,374,0.3578,0.1132,0.2714,13,0.0264
101020,1.1.20,1,1,20,101020,mtatsminda_2019_27,ვალისა ღვინჯილია,1,0.0021,1378,493,156,374,0.3578,0.1132,0.2714,13,0.0264
101020,1.1.20,1,1,20,101020,mtatsminda_2019_28,მიხეილ სალუაშვილი,0,0,1378,493,156,374,0.3578,0.1132,0.2714,13,0.0264
101020,1.1.20,1,1,20,101020,mtatsminda_2019_31,ირმა რაზმაძე,0,0,1378,493,156,374,0.3578,0.1132,0.2714,13,0.0264
101020,1.1.20,1,1,20,101020,mtatsminda_2019_33,ჯემალ ნადარეიშვილი,1,0.0021,1378,493,156,374,0.3578,0.1132,0.2714,13,0.0264
101020,1.1.20,1,1,20,101020,mtatsminda_2019_35,გერმანე საბო,21,0.0438,1378,493,156,374,0.3578,0.1132,0.2714,13,0.0264
101020,1.1.20,1,1,20,101020,mtatsminda_2019_38,ნოდარ ინანეიშვილი,1,0.0021,1378,493,156,374,0.3578,0.1132,0.2714,13,0.0264
101020,1.1.20,1,1,20,101020,mtatsminda_2019_41,ვლადიმერ კახაძე,145,0.3021,1378,493,156,374,0.3578,0.1132,0.2714,13,0.0264
101020,1.1.20,1,1,20,101020,mtatsminda_2019_42,ლევან იოსელიანი,25,0.0521,1378,493,156,374,0.3578,0.1132,0.2714,13,0.0264
101020,1.1.20,1,1,20,101020,mtatsminda_2019_43,კობა დავითაშვილი,20,0.0417,1378,493,156,374,0.3578,0.1132,0.2714,13,0.0264
101020,1.1.20,1,1,20,101020,mtatsminda_2019_44,სოფიო ხორგუანი,6,0.0125,1378,493,156,374,0.3578,0.1132,0.2714,13,0.0264
101020,1.1.20,1,1,20,101020,mtatsminda_2019_45,გრიგოლ გეგელია,14,0.0292,1378,493,156,374,0.3578,0.1132,0.2714,13,0.0264
101020,1.1.20,1,1,20,101020,mtatsminda_2019_46,იოსებ კობერიძე,0,0,1378,493,156,374,0.3578,0.1132,0.2714,13,0.0264
101020,1.1.20,1,1,20,101020,mtatsminda_2019_47,თამარ ალფაიძე,0,0,1378,493,156,374,0.3578,0.1132,0.2714,13,0.0264
101021,1.1.21,1,1,21,101021,mtatsminda_2019_4,ნიტა სიხარულიძე,1,0.0019,1535,528,165,405,0.344,0.1075,0.2638,13,0.0246
101021,1.1.21,1,1,21,101021,mtatsminda_2019_9,გიორგი ანდრიაძე,3,0.0058,1535,528,165,405,0.344,0.1075,0.2638,13,0.0246
101021,1.1.21,1,1,21,101021,mtatsminda_2019_13,შალვა შავგულიძე,210,0.4078,1535,528,165,405,0.344,0.1075,0.2638,13,0.0246
101021,1.1.21,1,1,21,101021,mtatsminda_2019_17,გიორგი ლილუაშვილი,0,0,1535,528,165,405,0.344,0.1075,0.2638,13,0.0246
101021,1.1.21,1,1,21,101021,mtatsminda_2019_21,გიორგი შალიკაშვილი,0,0,1535,528,165,405,0.344,0.1075,0.2638,13,0.0246
101021,1.1.21,1,1,21,101021,mtatsminda_2019_23,თებეა თენგიანი,1,0.0019,1535,528,165,405,0.344,0.1075,0.2638,13,0.0246
101021,1.1.21,1,1,21,101021,mtatsminda_2019_24,მამუკა ტუსკაძე,1,0.0019,1535,528,165,405,0.344,0.1075,0.2638,13,0.0246
101021,1.1.21,1,1,21,101021,mtatsminda_2019_27,ვალისა ღვინჯილია,0,0,1535,528,165,405,0.344,0.1075,0.2638,13,0.0246
101021,1.1.21,1,1,21,101021,mtatsminda_2019_28,მიხეილ სალუაშვილი,0,0,1535,528,165,405,0.344,0.1075,0.2638,13,0.0246
101021,1.1.21,1,1,21,101021,mtatsminda_2019_31,ირმა რაზმაძე,1,0.0019,1535,528,165,405,0.344,0.1075,0.2638,13,0.0246
101021,1.1.21,1,1,21,101021,mtatsminda_2019_33,ჯემალ ნადარეიშვილი,1,0.0019,1535,528,165,405,0.344,0.1075,0.2638,13,0.0246
101021,1.1.21,1,1,21,101021,mtatsminda_2019_35,გერმანე საბო,38,0.0738,1535,528,165,405,0.344,0.1075,0.2638,13,0.0246
101021,1.1.21,1,1,21,101021,mtatsminda_2019_38,ნოდარ ინანეიშვილი,0,0,1535,528,165,405,0.344,0.1075,0.2638,13,0.0246
101021,1.1.21,1,1,21,101021,mtatsminda_2019_41,ვლადიმერ კახაძე,164,0.3184,1535,528,165,405,0.344,0.1075,0.2638,13,0.0246
101021,1.1.21,1,1,21,101021,mtatsminda_2019_42,ლევან იოსელიანი,33,0.0641,1535,528,165,405,0.344,0.1075,0.2638,13,0.0246
101021,1.1.21,1,1,21,101021,mtatsminda_2019_43,კობა დავითაშვილი,19,0.0369,1535,528,165,405,0.344,0.1075,0.2638,13,0.0246
101021,1.1.21,1,1,21,101021,mtatsminda_2019_44,სოფიო ხორგუანი,15,0.0291,1535,528,165,405,0.344,0.1075,0.2638,13,0.0246
101021,1.1.21,1,1,21,101021,mtatsminda_2019_45,გრიგოლ გეგელია,20,0.0388,1535,528,165,405,0.344,0.1075,0.2638,13,0.0246
101021,1.1.21,1,1,21,101021,mtatsminda_2019_46,იოსებ კობერიძე,7,0.0136,1535,528,165,405,0.344,0.1075,0.2638,13,0.0246
101021,1.1.21,1,1,21,101021,mtatsminda_2019_47,თამარ ალფაიძე,1,0.0019,1535,528,165,405,0.344,0.1075,0.2638,13,0.0246
101022,1.1.22,1,1,22,101022,mtatsminda_2019_4,ნიტა სიხარულიძე,0,0,1541,516,127,412,0.3348,0.0824,0.2674,14,0.0271
101022,1.1.22,1,1,22,101022,mtatsminda_2019_9,გიორგი ანდრიაძე,2,0.004,1541,516,127,412,0.3348,0.0824,0.2674,14,0.0271
101022,1.1.22,1,1,22,101022,mtatsminda_2019_13,შალვა შავგულიძე,184,0.3665,1541,516,127,412,0.3348,0.0824,0.2674,14,0.0271
101022,1.1.22,1,1,22,101022,mtatsminda_2019_17,გიორგი ლილუაშვილი,0,0,1541,516,127,412,0.3348,0.0824,0.2674,14,0.0271
101022,1.1.22,1,1,22,101022,mtatsminda_2019_21,გიორგი შალიკაშვილი,1,0.002,1541,516,127,412,0.3348,0.0824,0.2674,14,0.0271
101022,1.1.22,1,1,22,101022,mtatsminda_2019_23,თებეა თენგიანი,0,0,1541,516,127,412,0.3348,0.0824,0.2674,14,0.0271
101022,1.1.22,1,1,22,101022,mtatsminda_2019_24,მამუკა ტუსკაძე,0,0,1541,516,127,412,0.3348,0.0824,0.2674,14,0.0271
101022,1.1.22,1,1,22,101022,mtatsminda_2019_27,ვალისა ღვინჯილია,0,0,1541,516,127,412,0.3348,0.0824,0.2674,14,0.0271
101022,1.1.22,1,1,22,101022,mtatsminda_2019_28,მიხეილ სალუაშვილი,1,0.002,1541,516,127,412,0.3348,0.0824,0.2674,14,0.0271
101022,1.1.22,1,1,22,101022,mtatsminda_2019_31,ირმა რაზმაძე,1,0.002,1541,516,127,412,0.3348,0.0824,0.2674,14,0.0271
101022,1.1.22,1,1,22,101022,mtatsminda_2019_33,ჯემალ ნადარეიშვილი,0,0,1541,516,127,412,0.3348,0.0824,0.2674,14,0.0271
101022,1.1.22,1,1,22,101022,mtatsminda_2019_35,გერმანე საბო,18,0.0359,1541,516,127,412,0.3348,0.0824,0.2674,14,0.0271
101022,1.1.22,1,1,22,101022,mtatsminda_2019_38,ნოდარ ინანეიშვილი,0,0,1541,516,127,412,0.3348,0.0824,0.2674,14,0.0271
101022,1.1.22,1,1,22,101022,mtatsminda_2019_41,ვლადიმერ კახაძე,202,0.4024,1541,516,127,412,0.3348,0.0824,0.2674,14,0.0271
101022,1.1.22,1,1,22,101022,mtatsminda_2019_42,ლევან იოსელიანი,46,0.0916,1541,516,127,412,0.3348,0.0824,0.2674,14,0.0271
101022,1.1.22,1,1,22,101022,mtatsminda_2019_43,კობა დავითაშვილი,22,0.0438,1541,516,127,412,0.3348,0.0824,0.2674,14,0.0271
101022,1.1.22,1,1,22,101022,mtatsminda_2019_44,სოფიო ხორგუანი,12,0.0239,1541,516,127,412,0.3348,0.0824,0.2674,14,0.0271
101022,1.1.22,1,1,22,101022,mtatsminda_2019_45,გრიგოლ გეგელია,12,0.0239,1541,516,127,412,0.3348,0.0824,0.2674,14,0.0271
101022,1.1.22,1,1,22,101022,mtatsminda_2019_46,იოსებ კობერიძე,1,0.002,1541,516,127,412,0.3348,0.0824,0.2674,14,0.0271
101022,1.1.22,1,1,22,101022,mtatsminda_2019_47,თამარ ალფაიძე,0,0,1541,516,127,412,0.3348,0.0824,0.2674,14,0.0271
101023,1.1.23,1,1,23,101023,mtatsminda_2019_4,ნიტა სიხარულიძე,0,0,1485,562,150,429,0.3785,0.101,0.2889,5,0.0089
101023,1.1.23,1,1,23,101023,mtatsminda_2019_9,გიორგი ანდრიაძე,6,0.0108,1485,562,150,429,0.3785,0.101,0.2889,5,0.0089
101023,1.1.23,1,1,23,101023,mtatsminda_2019_13,შალვა შავგულიძე,222,0.3986,1485,562,150,429,0.3785,0.101,0.2889,5,0.0089
101023,1.1.23,1,1,23,101023,mtatsminda_2019_17,გიორგი ლილუაშვილი,2,0.0036,1485,562,150,429,0.3785,0.101,0.2889,5,0.0089
101023,1.1.23,1,1,23,101023,mtatsminda_2019_21,გიორგი შალიკაშვილი,0,0,1485,562,150,429,0.3785,0.101,0.2889,5,0.0089
101023,1.1.23,1,1,23,101023,mtatsminda_2019_23,თებეა თენგიანი,0,0,1485,562,150,429,0.3785,0.101,0.2889,5,0.0089
101023,1.1.23,1,1,23,101023,mtatsminda_2019_24,მამუკა ტუსკაძე,1,0.0018,1485,562,150,429,0.3785,0.101,0.2889,5,0.0089
101023,1.1.23,1,1,23,101023,mtatsminda_2019_27,ვალისა ღვინჯილია,0,0,1485,562,150,429,0.3785,0.101,0.2889,5,0.0089
101023,1.1.23,1,1,23,101023,mtatsminda_2019_28,მიხეილ სალუაშვილი,1,0.0018,1485,562,150,429,0.3785,0.101,0.2889,5,0.0089
101023,1.1.23,1,1,23,101023,mtatsminda_2019_31,ირმა რაზმაძე,1,0.0018,1485,562,150,429,0.3785,0.101,0.2889,5,0.0089
101023,1.1.23,1,1,23,101023,mtatsminda_2019_33,ჯემალ ნადარეიშვილი,0,0,1485,562,150,429,0.3785,0.101,0.2889,5,0.0089
101023,1.1.23,1,1,23,101023,mtatsminda_2019_35,გერმანე საბო,30,0.0539,1485,562,150,429,0.3785,0.101,0.2889,5,0.0089
101023,1.1.23,1,1,23,101023,mtatsminda_2019_38,ნოდარ ინანეიშვილი,0,0,1485,562,150,429,0.3785,0.101,0.2889,5,0.0089
101023,1.1.23,1,1,23,101023,mtatsminda_2019_41,ვლადიმერ კახაძე,212,0.3806,1485,562,150,429,0.3785,0.101,0.2889,5,0.0089
101023,1.1.23,1,1,23,101023,mtatsminda_2019_42,ლევან იოსელიანი,17,0.0305,1485,562,150,429,0.3785,0.101,0.2889,5,0.0089
101023,1.1.23,1,1,23,101023,mtatsminda_2019_43,კობა დავითაშვილი,28,0.0503,1485,562,150,429,0.3785,0.101,0.2889,5,0.0089
101023,1.1.23,1,1,23,101023,mtatsminda_2019_44,სოფიო ხორგუანი,11,0.0197,1485,562,150,429,0.3785,0.101,0.2889,5,0.0089
101023,1.1.23,1,1,23,101023,mtatsminda_2019_45,გრიგოლ გეგელია,23,0.0413,1485,562,150,429,0.3785,0.101,0.2889,5,0.0089
101023,1.1.23,1,1,23,101023,mtatsminda_2019_46,იოსებ კობერიძე,2,0.0036,1485,562,150,429,0.3785,0.101,0.2889,5,0.0089
101023,1.1.23,1,1,23,101023,mtatsminda_2019_47,თამარ ალფაიძე,1,0.0018,1485,562,150,429,0.3785,0.101,0.2889,5,0.0089
101024,1.1.24,1,1,24,101024,mtatsminda_2019_4,ნიტა სიხარულიძე,2,0.0039,1447,522,202,420,0.3607,0.1396,0.2903,8,0.0153
101024,1.1.24,1,1,24,101024,mtatsminda_2019_9,გიორგი ანდრიაძე,0,0,1447,522,202,420,0.3607,0.1396,0.2903,8,0.0153
101024,1.1.24,1,1,24,101024,mtatsminda_2019_13,შალვა შავგულიძე,193,0.3755,1447,522,202,420,0.3607,0.1396,0.2903,8,0.0153
101024,1.1.24,1,1,24,101024,mtatsminda_2019_17,გიორგი ლილუაშვილი,0,0,1447,522,202,420,0.3607,0.1396,0.2903,8,0.0153
101024,1.1.24,1,1,24,101024,mtatsminda_2019_21,გიორგი შალიკაშვილი,0,0,1447,522,202,420,0.3607,0.1396,0.2903,8,0.0153
101024,1.1.24,1,1,24,101024,mtatsminda_2019_23,თებეა თენგიანი,0,0,1447,522,202,420,0.3607,0.1396,0.2903,8,0.0153
101024,1.1.24,1,1,24,101024,mtatsminda_2019_24,მამუკა ტუსკაძე,1,0.0019,1447,522,202,420,0.3607,0.1396,0.2903,8,0.0153
101024,1.1.24,1,1,24,101024,mtatsminda_2019_27,ვალისა ღვინჯილია,0,0,1447,522,202,420,0.3607,0.1396,0.2903,8,0.0153
101024,1.1.24,1,1,24,101024,mtatsminda_2019_28,მიხეილ სალუაშვილი,0,0,1447,522,202,420,0.3607,0.1396,0.2903,8,0.0153
101024,1.1.24,1,1,24,101024,mtatsminda_2019_31,ირმა რაზმაძე,0,0,1447,522,202,420,0.3607,0.1396,0.2903,8,0.0153
101024,1.1.24,1,1,24,101024,mtatsminda_2019_33,ჯემალ ნადარეიშვილი,0,0,1447,522,202,420,0.3607,0.1396,0.2903,8,0.0153
101024,1.1.24,1,1,24,101024,mtatsminda_2019_35,გერმანე საბო,14,0.0272,1447,522,202,420,0.3607,0.1396,0.2903,8,0.0153
101024,1.1.24,1,1,24,101024,mtatsminda_2019_38,ნოდარ ინანეიშვილი,0,0,1447,522,202,420,0.3607,0.1396,0.2903,8,0.0153
101024,1.1.24,1,1,24,101024,mtatsminda_2019_41,ვლადიმერ კახაძე,261,0.5078,1447,522,202,420,0.3607,0.1396,0.2903,8,0.0153
101024,1.1.24,1,1,24,101024,mtatsminda_2019_42,ლევან იოსელიანი,19,0.037,1447,522,202,420,0.3607,0.1396,0.2903,8,0.0153
101024,1.1.24,1,1,24,101024,mtatsminda_2019_43,კობა დავითაშვილი,4,0.0078,1447,522,202,420,0.3607,0.1396,0.2903,8,0.0153
101024,1.1.24,1,1,24,101024,mtatsminda_2019_44,სოფიო ხორგუანი,13,0.0253,1447,522,202,420,0.3607,0.1396,0.2903,8,0.0153
101024,1.1.24,1,1,24,101024,mtatsminda_2019_45,გრიგოლ გეგელია,7,0.0136,1447,522,202,420,0.3607,0.1396,0.2903,8,0.0153
101024,1.1.24,1,1,24,101024,mtatsminda_2019_46,იოსებ კობერიძე,0,0,1447,522,202,420,0.3607,0.1396,0.2903,8,0.0153
101024,1.1.24,1,1,24,101024,mtatsminda_2019_47,თამარ ალფაიძე,0,0,1447,522,202,420,0.3607,0.1396,0.2903,8,0.0153
101025,1.1.25,1,1,25,101025,mtatsminda_2019_4,ნიტა სიხარულიძე,0,0,1196,399,126,315,0.3336,0.1054,0.2634,8,0.0201
101025,1.1.25,1,1,25,101025,mtatsminda_2019_9,გიორგი ანდრიაძე,1,0.0026,1196,399,126,315,0.3336,0.1054,0.2634,8,0.0201
101025,1.1.25,1,1,25,101025,mtatsminda_2019_13,შალვა შავგულიძე,200,0.5115,1196,399,126,315,0.3336,0.1054,0.2634,8,0.0201
101025,1.1.25,1,1,25,101025,mtatsminda_2019_17,გიორგი ლილუაშვილი,2,0.0051,1196,399,126,315,0.3336,0.1054,0.2634,8,0.0201
101025,1.1.25,1,1,25,101025,mtatsminda_2019_21,გიორგი შალიკაშვილი,0,0,1196,399,126,315,0.3336,0.1054,0.2634,8,0.0201
101025,1.1.25,1,1,25,101025,mtatsminda_2019_23,თებეა თენგიანი,0,0,1196,399,126,315,0.3336,0.1054,0.2634,8,0.0201
101025,1.1.25,1,1,25,101025,mtatsminda_2019_24,მამუკა ტუსკაძე,0,0,1196,399,126,315,0.3336,0.1054,0.2634,8,0.0201
101025,1.1.25,1,1,25,101025,mtatsminda_2019_27,ვალისა ღვინჯილია,0,0,1196,399,126,315,0.3336,0.1054,0.2634,8,0.0201
101025,1.1.25,1,1,25,101025,mtatsminda_2019_28,მიხეილ სალუაშვილი,0,0,1196,399,126,315,0.3336,0.1054,0.2634,8,0.0201
101025,1.1.25,1,1,25,101025,mtatsminda_2019_31,ირმა რაზმაძე,0,0,1196,399,126,315,0.3336,0.1054,0.2634,8,0.0201
101025,1.1.25,1,1,25,101025,mtatsminda_2019_33,ჯემალ ნადარეიშვილი,0,0,1196,399,126,315,0.3336,0.1054,0.2634,8,0.0201
101025,1.1.25,1,1,25,101025,mtatsminda_2019_35,გერმანე საბო,16,0.0409,1196,399,126,315,0.3336,0.1054,0.2634,8,0.0201
101025,1.1.25,1,1,25,101025,mtatsminda_2019_38,ნოდარ ინანეიშვილი,0,0,1196,399,126,315,0.3336,0.1054,0.2634,8,0.0201
101025,1.1.25,1,1,25,101025,mtatsminda_2019_41,ვლადიმერ კახაძე,114,0.2916,1196,399,126,315,0.3336,0.1054,0.2634,8,0.0201
101025,1.1.25,1,1,25,101025,mtatsminda_2019_42,ლევან იოსელიანი,25,0.0639,1196,399,126,315,0.3336,0.1054,0.2634,8,0.0201
101025,1.1.25,1,1,25,101025,mtatsminda_2019_43,კობა დავითაშვილი,11,0.0281,1196,399,126,315,0.3336,0.1054,0.2634,8,0.0201
101025,1.1.25,1,1,25,101025,mtatsminda_2019_44,სოფიო ხორგუანი,6,0.0153,1196,399,126,315,0.3336,0.1054,0.2634,8,0.0201
101025,1.1.25,1,1,25,101025,mtatsminda_2019_45,გრიგოლ გეგელია,14,0.0358,1196,399,126,315,0.3336,0.1054,0.2634,8,0.0201
101025,1.1.25,1,1,25,101025,mtatsminda_2019_46,იოსებ კობერიძე,0,0,1196,399,126,315,0.3336,0.1054,0.2634,8,0.0201
101025,1.1.25,1,1,25,101025,mtatsminda_2019_47,თამარ ალფაიძე,2,0.0051,1196,399,126,315,0.3336,0.1054,0.2634,8,0.0201
101026,1.1.26,1,1,26,101026,mtatsminda_2019_4,ნიტა სიხარულიძე,0,0,1585,474,135,382,0.2991,0.0852,0.241,9,0.019
101026,1.1.26,1,1,26,101026,mtatsminda_2019_9,გიორგი ანდრიაძე,1,0.0022,1585,474,135,382,0.2991,0.0852,0.241,9,0.019
101026,1.1.26,1,1,26,101026,mtatsminda_2019_13,შალვა შავგულიძე,197,0.4237,1585,474,135,382,0.2991,0.0852,0.241,9,0.019
101026,1.1.26,1,1,26,101026,mtatsminda_2019_17,გიორგი ლილუაშვილი,0,0,1585,474,135,382,0.2991,0.0852,0.241,9,0.019
101026,1.1.26,1,1,26,101026,mtatsminda_2019_21,გიორგი შალიკაშვილი,1,0.0022,1585,474,135,382,0.2991,0.0852,0.241,9,0.019
101026,1.1.26,1,1,26,101026,mtatsminda_2019_23,თებეა თენგიანი,0,0,1585,474,135,382,0.2991,0.0852,0.241,9,0.019
101026,1.1.26,1,1,26,101026,mtatsminda_2019_24,მამუკა ტუსკაძე,0,0,1585,474,135,382,0.2991,0.0852,0.241,9,0.019
101026,1.1.26,1,1,26,101026,mtatsminda_2019_27,ვალისა ღვინჯილია,0,0,1585,474,135,382,0.2991,0.0852,0.241,9,0.019
101026,1.1.26,1,1,26,101026,mtatsminda_2019_28,მიხეილ სალუაშვილი,0,0,1585,474,135,382,0.2991,0.0852,0.241,9,0.019
101026,1.1.26,1,1,26,101026,mtatsminda_2019_31,ირმა რაზმაძე,0,0,1585,474,135,382,0.2991,0.0852,0.241,9,0.019
101026,1.1.26,1,1,26,101026,mtatsminda_2019_33,ჯემალ ნადარეიშვილი,2,0.0043,1585,474,135,382,0.2991,0.0852,0.241,9,0.019
101026,1.1.26,1,1,26,101026,mtatsminda_2019_35,გერმანე საბო,18,0.0387,1585,474,135,382,0.2991,0.0852,0.241,9,0.019
101026,1.1.26,1,1,26,101026,mtatsminda_2019_38,ნოდარ ინანეიშვილი,0,0,1585,474,135,382,0.2991,0.0852,0.241,9,0.019
101026,1.1.26,1,1,26,101026,mtatsminda_2019_41,ვლადიმერ კახაძე,190,0.4086,1585,474,135,382,0.2991,0.0852,0.241,9,0.019
101026,1.1.26,1,1,26,101026,mtatsminda_2019_42,ლევან იოსელიანი,22,0.0473,1585,474,135,382,0.2991,0.0852,0.241,9,0.019
101026,1.1.26,1,1,26,101026,mtatsminda_2019_43,კობა დავითაშვილი,7,0.0151,1585,474,135,382,0.2991,0.0852,0.241,9,0.019
101026,1.1.26,1,1,26,101026,mtatsminda_2019_44,სოფიო ხორგუანი,12,0.0258,1585,474,135,382,0.2991,0.0852,0.241,9,0.019
101026,1.1.26,1,1,26,101026,mtatsminda_2019_45,გრიგოლ გეგელია,15,0.0323,1585,474,135,382,0.2991,0.0852,0.241,9,0.019
101026,1.1.26,1,1,26,101026,mtatsminda_2019_46,იოსებ კობერიძე,0,0,1585,474,135,382,0.2991,0.0852,0.241,9,0.019
101026,1.1.26,1,1,26,101026,mtatsminda_2019_47,თამარ ალფაიძე,0,0,1585,474,135,382,0.2991,0.0852,0.241,9,0.019
101027,1.1.27,1,1,27,101027,mtatsminda_2019_4,ნიტა სიხარულიძე,0,0,1594,475,122,356,0.298,0.0765,0.2233,10,0.0211
101027,1.1.27,1,1,27,101027,mtatsminda_2019_9,გიორგი ანდრიაძე,3,0.0065,1594,475,122,356,0.298,0.0765,0.2233,10,0.0211
101027,1.1.27,1,1,27,101027,mtatsminda_2019_13,შალვა შავგულიძე,173,0.3728,1594,475,122,356,0.298,0.0765,0.2233,10,0.0211
101027,1.1.27,1,1,27,101027,mtatsminda_2019_17,გიორგი ლილუაშვილი,1,0.0022,1594,475,122,356,0.298,0.0765,0.2233,10,0.0211
101027,1.1.27,1,1,27,101027,mtatsminda_2019_21,გიორგი შალიკაშვილი,1,0.0022,1594,475,122,356,0.298,0.0765,0.2233,10,0.0211
101027,1.1.27,1,1,27,101027,mtatsminda_2019_23,თებეა თენგიანი,0,0,1594,475,122,356,0.298,0.0765,0.2233,10,0.0211
101027,1.1.27,1,1,27,101027,mtatsminda_2019_24,მამუკა ტუსკაძე,0,0,1594,475,122,356,0.298,0.0765,0.2233,10,0.0211
101027,1.1.27,1,1,27,101027,mtatsminda_2019_27,ვალისა ღვინჯილია,1,0.0022,1594,475,122,356,0.298,0.0765,0.2233,10,0.0211
101027,1.1.27,1,1,27,101027,mtatsminda_2019_28,მიხეილ სალუაშვილი,0,0,1594,475,122,356,0.298,0.0765,0.2233,10,0.0211
101027,1.1.27,1,1,27,101027,mtatsminda_2019_31,ირმა რაზმაძე,1,0.0022,1594,475,122,356,0.298,0.0765,0.2233,10,0.0211
101027,1.1.27,1,1,27,101027,mtatsminda_2019_33,ჯემალ ნადარეიშვილი,1,0.0022,1594,475,122,356,0.298,0.0765,0.2233,10,0.0211
101027,1.1.27,1,1,27,101027,mtatsminda_2019_35,გერმანე საბო,13,0.028,1594,475,122,356,0.298,0.0765,0.2233,10,0.0211
101027,1.1.27,1,1,27,101027,mtatsminda_2019_38,ნოდარ ინანეიშვილი,1,0.0022,1594,475,122,356,0.298,0.0765,0.2233,10,0.0211
101027,1.1.27,1,1,27,101027,mtatsminda_2019_41,ვლადიმერ კახაძე,201,0.4332,1594,475,122,356,0.298,0.0765,0.2233,10,0.0211
101027,1.1.27,1,1,27,101027,mtatsminda_2019_42,ლევან იოსელიანი,18,0.0388,1594,475,122,356,0.298,0.0765,0.2233,10,0.0211
101027,1.1.27,1,1,27,101027,mtatsminda_2019_43,კობა დავითაშვილი,15,0.0323,1594,475,122,356,0.298,0.0765,0.2233,10,0.0211
101027,1.1.27,1,1,27,101027,mtatsminda_2019_44,სოფიო ხორგუანი,12,0.0259,1594,475,122,356,0.298,0.0765,0.2233,10,0.0211
101027,1.1.27,1,1,27,101027,mtatsminda_2019_45,გრიგოლ გეგელია,22,0.0474,1594,475,122,356,0.298,0.0765,0.2233,10,0.0211
101027,1.1.27,1,1,27,101027,mtatsminda_2019_46,იოსებ კობერიძე,0,0,1594,475,122,356,0.298,0.0765,0.2233,10,0.0211
101027,1.1.27,1,1,27,101027,mtatsminda_2019_47,თამარ ალფაიძე,1,0.0022,1594,475,122,356,0.298,0.0765,0.2233,10,0.0211
101028,1.1.28,1,1,28,101028,mtatsminda_2019_4,ნიტა სიხარულიძე,2,0.0037,1396,544,187,450,0.3897,0.134,0.3223,10,0.0184
101028,1.1.28,1,1,28,101028,mtatsminda_2019_9,გიორგი ანდრიაძე,3,0.0056,1396,544,187,450,0.3897,0.134,0.3223,10,0.0184
101028,1.1.28,1,1,28,101028,mtatsminda_2019_13,შალვა შავგულიძე,207,0.3876,1396,544,187,450,0.3897,0.134,0.3223,10,0.0184
101028,1.1.28,1,1,28,101028,mtatsminda_2019_17,გიორგი ლილუაშვილი,0,0,1396,544,187,450,0.3897,0.134,0.3223,10,0.0184
101028,1.1.28,1,1,28,101028,mtatsminda_2019_21,გიორგი შალიკაშვილი,0,0,1396,544,187,450,0.3897,0.134,0.3223,10,0.0184
101028,1.1.28,1,1,28,101028,mtatsminda_2019_23,თებეა თენგიანი,0,0,1396,544,187,450,0.3897,0.134,0.3223,10,0.0184
101028,1.1.28,1,1,28,101028,mtatsminda_2019_24,მამუკა ტუსკაძე,2,0.0037,1396,544,187,450,0.3897,0.134,0.3223,10,0.0184
101028,1.1.28,1,1,28,101028,mtatsminda_2019_27,ვალისა ღვინჯილია,0,0,1396,544,187,450,0.3897,0.134,0.3223,10,0.0184
101028,1.1.28,1,1,28,101028,mtatsminda_2019_28,მიხეილ სალუაშვილი,2,0.0037,1396,544,187,450,0.3897,0.134,0.3223,10,0.0184
101028,1.1.28,1,1,28,101028,mtatsminda_2019_31,ირმა რაზმაძე,0,0,1396,544,187,450,0.3897,0.134,0.3223,10,0.0184
101028,1.1.28,1,1,28,101028,mtatsminda_2019_33,ჯემალ ნადარეიშვილი,0,0,1396,544,187,450,0.3897,0.134,0.3223,10,0.0184
101028,1.1.28,1,1,28,101028,mtatsminda_2019_35,გერმანე საბო,15,0.0281,1396,544,187,450,0.3897,0.134,0.3223,10,0.0184
101028,1.1.28,1,1,28,101028,mtatsminda_2019_38,ნოდარ ინანეიშვილი,0,0,1396,544,187,450,0.3897,0.134,0.3223,10,0.0184
101028,1.1.28,1,1,28,101028,mtatsminda_2019_41,ვლადიმერ კახაძე,206,0.3858,1396,544,187,450,0.3897,0.134,0.3223,10,0.0184
101028,1.1.28,1,1,28,101028,mtatsminda_2019_42,ლევან იოსელიანი,39,0.073,1396,544,187,450,0.3897,0.134,0.3223,10,0.0184
101028,1.1.28,1,1,28,101028,mtatsminda_2019_43,კობა დავითაშვილი,21,0.0393,1396,544,187,450,0.3897,0.134,0.3223,10,0.0184
101028,1.1.28,1,1,28,101028,mtatsminda_2019_44,სოფიო ხორგუანი,16,0.03,1396,544,187,450,0.3897,0.134,0.3223,10,0.0184
101028,1.1.28,1,1,28,101028,mtatsminda_2019_45,გრიგოლ გეგელია,20,0.0375,1396,544,187,450,0.3897,0.134,0.3223,10,0.0184
101028,1.1.28,1,1,28,101028,mtatsminda_2019_46,იოსებ კობერიძე,1,0.0019,1396,544,187,450,0.3897,0.134,0.3223,10,0.0184
101028,1.1.28,1,1,28,101028,mtatsminda_2019_47,თამარ ალფაიძე,0,0,1396,544,187,450,0.3897,0.134,0.3223,10,0.0184
101032,1.1.32,1,1,32,101032,mtatsminda_2019_4,ნიტა სიხარულიძე,1,0.0013,1681,814,278,592,0.4842,0.1654,0.3522,20,0.0246
101032,1.1.32,1,1,32,101032,mtatsminda_2019_9,გიორგი ანდრიაძე,2,0.0025,1681,814,278,592,0.4842,0.1654,0.3522,20,0.0246
101032,1.1.32,1,1,32,101032,mtatsminda_2019_13,შალვა შავგულიძე,244,0.3073,1681,814,278,592,0.4842,0.1654,0.3522,20,0.0246
101032,1.1.32,1,1,32,101032,mtatsminda_2019_17,გიორგი ლილუაშვილი,2,0.0025,1681,814,278,592,0.4842,0.1654,0.3522,20,0.0246
101032,1.1.32,1,1,32,101032,mtatsminda_2019_21,გიორგი შალიკაშვილი,2,0.0025,1681,814,278,592,0.4842,0.1654,0.3522,20,0.0246
101032,1.1.32,1,1,32,101032,mtatsminda_2019_23,თებეა თენგიანი,0,0,1681,814,278,592,0.4842,0.1654,0.3522,20,0.0246
101032,1.1.32,1,1,32,101032,mtatsminda_2019_24,მამუკა ტუსკაძე,1,0.0013,1681,814,278,592,0.4842,0.1654,0.3522,20,0.0246
101032,1.1.32,1,1,32,101032,mtatsminda_2019_27,ვალისა ღვინჯილია,0,0,1681,814,278,592,0.4842,0.1654,0.3522,20,0.0246
101032,1.1.32,1,1,32,101032,mtatsminda_2019_28,მიხეილ სალუაშვილი,2,0.0025,1681,814,278,592,0.4842,0.1654,0.3522,20,0.0246
101032,1.1.32,1,1,32,101032,mtatsminda_2019_31,ირმა რაზმაძე,1,0.0013,1681,814,278,592,0.4842,0.1654,0.3522,20,0.0246
101032,1.1.32,1,1,32,101032,mtatsminda_2019_33,ჯემალ ნადარეიშვილი,0,0,1681,814,278,592,0.4842,0.1654,0.3522,20,0.0246
101032,1.1.32,1,1,32,101032,mtatsminda_2019_35,გერმანე საბო,28,0.0353,1681,814,278,592,0.4842,0.1654,0.3522,20,0.0246
101032,1.1.32,1,1,32,101032,mtatsminda_2019_38,ნოდარ ინანეიშვილი,0,0,1681,814,278,592,0.4842,0.1654,0.3522,20,0.0246
101032,1.1.32,1,1,32,101032,mtatsminda_2019_41,ვლადიმერ კახაძე,425,0.5353,1681,814,278,592,0.4842,0.1654,0.3522,20,0.0246
101032,1.1.32,1,1,32,101032,mtatsminda_2019_42,ლევან იოსელიანი,51,0.0642,1681,814,278,592,0.4842,0.1654,0.3522,20,0.0246
101032,1.1.32,1,1,32,101032,mtatsminda_2019_43,კობა დავითაშვილი,11,0.0139,1681,814,278,592,0.4842,0.1654,0.3522,20,0.0246
101032,1.1.32,1,1,32,101032,mtatsminda_2019_44,სოფიო ხორგუანი,18,0.0227,1681,814,278,592,0.4842,0.1654,0.3522,20,0.0246
101032,1.1.32,1,1,32,101032,mtatsminda_2019_45,გრიგოლ გეგელია,5,0.0063,1681,814,278,592,0.4842,0.1654,0.3522,20,0.0246
101032,1.1.32,1,1,32,101032,mtatsminda_2019_46,იოსებ კობერიძე,0,0,1681,814,278,592,0.4842,0.1654,0.3522,20,0.0246
101032,1.1.32,1,1,32,101032,mtatsminda_2019_47,თამარ ალფაიძე,1,0.0013,1681,814,278,592,0.4842,0.1654,0.3522,20,0.0246
101033,1.1.33,1,1,33,101033,mtatsminda_2019_4,ნიტა სიხარულიძე,0,0,1409,411,131,320,0.2917,0.093,0.2271,8,0.0195
101033,1.1.33,1,1,33,101033,mtatsminda_2019_9,გიორგი ანდრიაძე,6,0.0149,1409,411,131,320,0.2917,0.093,0.2271,8,0.0195
101033,1.1.33,1,1,33,101033,mtatsminda_2019_13,შალვა შავგულიძე,147,0.3648,1409,411,131,320,0.2917,0.093,0.2271,8,0.0195
101033,1.1.33,1,1,33,101033,mtatsminda_2019_17,გიორგი ლილუაშვილი,1,0.0025,1409,411,131,320,0.2917,0.093,0.2271,8,0.0195
101033,1.1.33,1,1,33,101033,mtatsminda_2019_21,გიორგი შალიკაშვილი,0,0,1409,411,131,320,0.2917,0.093,0.2271,8,0.0195
101033,1.1.33,1,1,33,101033,mtatsminda_2019_23,თებეა თენგიანი,0,0,1409,411,131,320,0.2917,0.093,0.2271,8,0.0195
101033,1.1.33,1,1,33,101033,mtatsminda_2019_24,მამუკა ტუსკაძე,0,0,1409,411,131,320,0.2917,0.093,0.2271,8,0.0195
101033,1.1.33,1,1,33,101033,mtatsminda_2019_27,ვალისა ღვინჯილია,0,0,1409,411,131,320,0.2917,0.093,0.2271,8,0.0195
101033,1.1.33,1,1,33,101033,mtatsminda_2019_28,მიხეილ სალუაშვილი,0,0,1409,411,131,320,0.2917,0.093,0.2271,8,0.0195
101033,1.1.33,1,1,33,101033,mtatsminda_2019_31,ირმა რაზმაძე,0,0,1409,411,131,320,0.2917,0.093,0.2271,8,0.0195
101033,1.1.33,1,1,33,101033,mtatsminda_2019_33,ჯემალ ნადარეიშვილი,1,0.0025,1409,411,131,320,0.2917,0.093,0.2271,8,0.0195
101033,1.1.33,1,1,33,101033,mtatsminda_2019_35,გერმანე საბო,20,0.0496,1409,411,131,320,0.2917,0.093,0.2271,8,0.0195
101033,1.1.33,1,1,33,101033,mtatsminda_2019_38,ნოდარ ინანეიშვილი,0,0,1409,411,131,320,0.2917,0.093,0.2271,8,0.0195
101033,1.1.33,1,1,33,101033,mtatsminda_2019_41,ვლადიმერ კახაძე,169,0.4194,1409,411,131,320,0.2917,0.093,0.2271,8,0.0195
101033,1.1.33,1,1,33,101033,mtatsminda_2019_42,ლევან იოსელიანი,26,0.0645,1409,411,131,320,0.2917,0.093,0.2271,8,0.0195
101033,1.1.33,1,1,33,101033,mtatsminda_2019_43,კობა დავითაშვილი,12,0.0298,1409,411,131,320,0.2917,0.093,0.2271,8,0.0195
101033,1.1.33,1,1,33,101033,mtatsminda_2019_44,სოფიო ხორგუანი,5,0.0124,1409,411,131,320,0.2917,0.093,0.2271,8,0.0195
101033,1.1.33,1,1,33,101033,mtatsminda_2019_45,გრიგოლ გეგელია,13,0.0323,1409,411,131,320,0.2917,0.093,0.2271,8,0.0195
101033,1.1.33,1,1,33,101033,mtatsminda_2019_46,იოსებ კობერიძე,0,0,1409,411,131,320,0.2917,0.093,0.2271,8,0.0195
101033,1.1.33,1,1,33,101033,mtatsminda_2019_47,თამარ ალფაიძე,3,0.0074,1409,411,131,320,0.2917,0.093,0.2271,8,0.0195
