"district_id","party_id","votes","vote_share","registered","voted","voted_noon","voted_5pm","main_list","special_list","turnout_pct"
"1","gd",14699,0.415144,54095,35737,13208,30769,53540,555,0.660634
"1","coalition_for_change",5456,0.154094,54095,35737,13208,30769,53540,555,0.660634
"1","strong_georgia",5133,0.144971,54095,35737,13208,30769,53540,555,0.660634
"1","gakharia",3863,0.109103,54095,35737,13208,30769,53540,555,0.660634
"1","unity",2485,0.070184,54095,35737,13208,30769,53540,555,0.660634
"1","girchi",1739,0.049115,54095,35737,13208,30769,53540,555,0.660634
"1","patriots",1054,0.029768,54095,35737,13208,30769,53540,555,0.660634
"1","labour",331,0.009348,54095,35737,13208,30769,53540,555,0.660634
"1","change_georgia",202,0.005705,54095,35737,13208,30769,53540,555,0.660634
"1","free_georgia",83,0.002344,54095,35737,13208,30769,53540,555,0.660634
"1","european_democrats",80,0.002259,54095,35737,13208,30769,53540,555,0.660634
"1","georgian_unity",72,0.002033,54095,35737,13208,30769,53540,555,0.660634
"1","tribuna",48,0.001356,54095,35737,13208,30769,53540,555,0.660634
"1","chven",47,0.001327,54095,35737,13208,30769,53540,555,0.660634
"1","unity_development",41,0.001158,54095,35737,13208,30769,53540,555,0.660634
"1","georgia_party",37,0.001045,54095,35737,13208,30769,53540,555,0.660634
"1","our_georgia",24,0.000678,54095,35737,13208,30769,53540,555,0.660634
"1","left_alliance",13,0.000367,54095,35737,13208,30769,53540,555,0.660634
"2","gd",29050,0.380345,111516,76984,27907,65823,110528,988,0.69034
"2","coalition_for_change",12313,0.161211,111516,76984,27907,65823,110528,988,0.69034
"2","strong_georgia",12170,0.159339,111516,76984,27907,65823,110528,988,0.69034
"2","gakharia",9191,0.120336,111516,76984,27907,65823,110528,988,0.69034
"2","unity",5148,0.067402,111516,76984,27907,65823,110528,988,0.69034
"2","girchi",4609,0.060345,111516,76984,27907,65823,110528,988,0.69034
"2","patriots",1941,0.025413,111516,76984,27907,65823,110528,988,0.69034
"2","labour",595,0.00779,111516,76984,27907,65823,110528,988,0.69034
"2","change_georgia",373,0.004884,111516,76984,27907,65823,110528,988,0.69034
"2","european_democrats",189,0.002475,111516,76984,27907,65823,110528,988,0.69034
"2","georgian_unity",160,0.002095,111516,76984,27907,65823,110528,988,0.69034
"2","free_georgia",148,0.001938,111516,76984,27907,65823,110528,988,0.69034
"2","chven",107,0.001401,111516,76984,27907,65823,110528,988,0.69034
"2","georgia_party",99,0.001296,111516,76984,27907,65823,110528,988,0.69034
"2","tribuna",84,0.0011,111516,76984,27907,65823,110528,988,0.69034
"2","unity_development",75,0.000982,111516,76984,27907,65823,110528,988,0.69034
"2","our_georgia",74,0.000969,111516,76984,27907,65823,110528,988,0.69034
"2","left_alliance",52,0.000681,111516,76984,27907,65823,110528,988,0.69034
"3","gd",38148,0.397711,145865,96782,35193,83387,143099,2766,0.663504
"3","coalition_for_change",14891,0.155246,145865,96782,35193,83387,143099,2766,0.663504
"3","strong_georgia",13687,0.142693,145865,96782,35193,83387,143099,2766,0.663504
"3","gakharia",11359,0.118423,145865,96782,35193,83387,143099,2766,0.663504
"3","unity",6594,0.068746,145865,96782,35193,83387,143099,2766,0.663504
"3","girchi",5717,0.059602,145865,96782,35193,83387,143099,2766,0.663504
"3","patriots",2813,0.029327,145865,96782,35193,83387,143099,2766,0.663504
"3","labour",981,0.010227,145865,96782,35193,83387,143099,2766,0.663504
"3","change_georgia",539,0.005619,145865,96782,35193,83387,143099,2766,0.663504
"3","european_democrats",238,0.002481,145865,96782,35193,83387,143099,2766,0.663504
"3","free_georgia",203,0.002116,145865,96782,35193,83387,143099,2766,0.663504
"3","georgian_unity",194,0.002023,145865,96782,35193,83387,143099,2766,0.663504
"3","chven",139,0.001449,145865,96782,35193,83387,143099,2766,0.663504
"3","georgia_party",116,0.001209,145865,96782,35193,83387,143099,2766,0.663504
"3","tribuna",109,0.001136,145865,96782,35193,83387,143099,2766,0.663504
"3","unity_development",98,0.001022,145865,96782,35193,83387,143099,2766,0.663504
"3","our_georgia",47,0.00049,145865,96782,35193,83387,143099,2766,0.663504
"3","left_alliance",46,0.00048,145865,96782,35193,83387,143099,2766,0.663504
"4","gd",11017,0.488559,42346,22880,8965,19593,42028,318,0.540311
"4","coalition_for_change",2901,0.128647,42346,22880,8965,19593,42028,318,0.540311
"4","strong_georgia",2212,0.098093,42346,22880,8965,19593,42028,318,0.540311
"4","unity",2179,0.09663,42346,22880,8965,19593,42028,318,0.540311
"4","gakharia",2054,0.091086,42346,22880,8965,19593,42028,318,0.540311
"4","girchi",939,0.041641,42346,22880,8965,19593,42028,318,0.540311
"4","patriots",625,0.027716,42346,22880,8965,19593,42028,318,0.540311
"4","labour",203,0.009002,42346,22880,8965,19593,42028,318,0.540311
"4","change_georgia",120,0.005322,42346,22880,8965,19593,42028,318,0.540311
"4","european_democrats",56,0.002483,42346,22880,8965,19593,42028,318,0.540311
"4","georgian_unity",45,0.001996,42346,22880,8965,19593,42028,318,0.540311
"4","georgia_party",40,0.001774,42346,22880,8965,19593,42028,318,0.540311
"4","free_georgia",38,0.001685,42346,22880,8965,19593,42028,318,0.540311
"4","unity_development",35,0.001552,42346,22880,8965,19593,42028,318,0.540311
"4","tribuna",33,0.001463,42346,22880,8965,19593,42028,318,0.540311
"4","chven",24,0.001064,42346,22880,8965,19593,42028,318,0.540311
"4","our_georgia",16,0.00071,42346,22880,8965,19593,42028,318,0.540311
"4","left_alliance",13,0.000576,42346,22880,8965,19593,42028,318,0.540311
"5","gd",28784,0.453084,118411,64257,24607,54490,117408,1003,0.542661
"5","coalition_for_change",8564,0.134805,118411,64257,24607,54490,117408,1003,0.542661
"5","gakharia",6793,0.106928,118411,64257,24607,54490,117408,1003,0.542661
"5","strong_georgia",6756,0.106345,118411,64257,24607,54490,117408,1003,0.542661
"5","unity",5384,0.084749,118411,64257,24607,54490,117408,1003,0.542661
"5","girchi",2997,0.047175,118411,64257,24607,54490,117408,1003,0.542661
"5","patriots",1980,0.031167,118411,64257,24607,54490,117408,1003,0.542661
"5","labour",678,0.010672,118411,64257,24607,54490,117408,1003,0.542661
"5","change_georgia",528,0.008311,118411,64257,24607,54490,117408,1003,0.542661
"5","european_democrats",186,0.002928,118411,64257,24607,54490,117408,1003,0.542661
"5","tribuna",155,0.00244,118411,64257,24607,54490,117408,1003,0.542661
"5","free_georgia",152,0.002393,118411,64257,24607,54490,117408,1003,0.542661
"5","georgian_unity",144,0.002267,118411,64257,24607,54490,117408,1003,0.542661
"5","georgia_party",120,0.001889,118411,64257,24607,54490,117408,1003,0.542661
"5","unity_development",109,0.001716,118411,64257,24607,54490,117408,1003,0.542661
"5","our_georgia",76,0.001196,118411,64257,24607,54490,117408,1003,0.542661
"5","chven",74,0.001165,118411,64257,24607,54490,117408,1003,0.542661
"5","left_alliance",49,0.000771,118411,64257,24607,54490,117408,1003,0.542661
"6","gd",37006,0.449195,152305,83431,32431,71364,150203,2102,0.547789
"6","coalition_for_change",10994,0.13345,152305,83431,32431,71364,150203,2102,0.547789
"6","gakharia",8974,0.10893,152305,83431,32431,71364,150203,2102,0.547789
"6","strong_georgia",8265,0.100324,152305,83431,32431,71364,150203,2102,0.547789
"6","unity",7410,0.089946,152305,83431,32431,71364,150203,2102,0.547789
"6","girchi",3565,0.043273,152305,83431,32431,71364,150203,2102,0.547789
"6","patriots",2820,0.03423,152305,83431,32431,71364,150203,2102,0.547789
"6","labour",1061,0.012879,152305,83431,32431,71364,150203,2102,0.547789
"6","change_georgia",785,0.009529,152305,83431,32431,71364,150203,2102,0.547789
"6","european_democrats",320,0.003884,152305,83431,32431,71364,150203,2102,0.547789
"6","free_georgia",214,0.002598,152305,83431,32431,71364,150203,2102,0.547789
"6","georgian_unity",205,0.002488,152305,83431,32431,71364,150203,2102,0.547789
"6","unity_development",192,0.002331,152305,83431,32431,71364,150203,2102,0.547789
"6","georgia_party",165,0.002003,152305,83431,32431,71364,150203,2102,0.547789
"6","tribuna",137,0.001663,152305,83431,32431,71364,150203,2102,0.547789
"6","chven",119,0.001444,152305,83431,32431,71364,150203,2102,0.547789
"6","our_georgia",90,0.001092,152305,83431,32431,71364,150203,2102,0.547789
"6","left_alliance",61,0.00074,152305,83431,32431,71364,150203,2102,0.547789
"7","gd",18061,0.442606,67768,41251,15915,35376,67233,535,0.608709
"7","coalition_for_change",5676,0.139097,67768,41251,15915,35376,67233,535,0.608709
"7","strong_georgia",5122,0.125521,67768,41251,15915,35376,67233,535,0.608709
"7","gakharia",4357,0.106774,67768,41251,15915,35376,67233,535,0.608709
"7","unity",2957,0.072465,67768,41251,15915,35376,67233,535,0.608709
"7","girchi",2154,0.052786,67768,41251,15915,35376,67233,535,0.608709
"7","patriots",1197,0.029334,67768,41251,15915,35376,67233,535,0.608709
"7","labour",427,0.010464,67768,41251,15915,35376,67233,535,0.608709
"7","change_georgia",254,0.006225,67768,41251,15915,35376,67233,535,0.608709
"7","european_democrats",114,0.002794,67768,41251,15915,35376,67233,535,0.608709
"7","free_georgia",93,0.002279,67768,41251,15915,35376,67233,535,0.608709
"7","georgian_unity",91,0.00223,67768,41251,15915,35376,67233,535,0.608709
"7","chven",65,0.001593,67768,41251,15915,35376,67233,535,0.608709
"7","georgia_party",63,0.001544,67768,41251,15915,35376,67233,535,0.608709
"7","unity_development",59,0.001446,67768,41251,15915,35376,67233,535,0.608709
"7","tribuna",47,0.001152,67768,41251,15915,35376,67233,535,0.608709
"7","left_alliance",37,0.000907,67768,41251,15915,35376,67233,535,0.608709
"7","our_georgia",32,0.000784,67768,41251,15915,35376,67233,535,0.608709
"8","gd",17235,0.420756,62479,41362,15369,35506,61717,762,0.662014
"8","coalition_for_change",6114,0.14926,62479,41362,15369,35506,61717,762,0.662014
"8","strong_georgia",5180,0.126459,62479,41362,15369,35506,61717,762,0.662014
"8","gakharia",4772,0.116498,62479,41362,15369,35506,61717,762,0.662014
"8","unity",2794,0.06821,62479,41362,15369,35506,61717,762,0.662014
"8","girchi",2451,0.059836,62479,41362,15369,35506,61717,762,0.662014
"8","patriots",1217,0.02971,62479,41362,15369,35506,61717,762,0.662014
"8","labour",425,0.010375,62479,41362,15369,35506,61717,762,0.662014
"8","change_georgia",240,0.005859,62479,41362,15369,35506,61717,762,0.662014
"8","european_democrats",104,0.002539,62479,41362,15369,35506,61717,762,0.662014
"8","georgian_unity",100,0.002441,62479,41362,15369,35506,61717,762,0.662014
"8","free_georgia",79,0.001929,62479,41362,15369,35506,61717,762,0.662014
"8","georgia_party",59,0.00144,62479,41362,15369,35506,61717,762,0.662014
"8","tribuna",49,0.001196,62479,41362,15369,35506,61717,762,0.662014
"8","chven",44,0.001074,62479,41362,15369,35506,61717,762,0.662014
"8","unity_development",43,0.00105,62479,41362,15369,35506,61717,762,0.662014
"8","our_georgia",32,0.000781,62479,41362,15369,35506,61717,762,0.662014
"8","left_alliance",24,0.000586,62479,41362,15369,35506,61717,762,0.662014
"9","gd",34073,0.426344,136404,80777,30611,69439,135315,1089,0.592189
"9","coalition_for_change",11333,0.141806,136404,80777,30611,69439,135315,1089,0.592189
"9","strong_georgia",9545,0.119433,136404,80777,30611,69439,135315,1089,0.592189
"9","gakharia",9102,0.11389,136404,80777,30611,69439,135315,1089,0.592189
"9","unity",5435,0.068006,136404,80777,30611,69439,135315,1089,0.592189
"9","girchi",4514,0.056482,136404,80777,30611,69439,135315,1089,0.592189
"9","patriots",2852,0.035686,136404,80777,30611,69439,135315,1089,0.592189
"9","labour",1056,0.013213,136404,80777,30611,69439,135315,1089,0.592189
"9","change_georgia",744,0.009309,136404,80777,30611,69439,135315,1089,0.592189
"9","european_democrats",240,0.003003,136404,80777,30611,69439,135315,1089,0.592189
"9","free_georgia",201,0.002515,136404,80777,30611,69439,135315,1089,0.592189
"9","georgian_unity",193,0.002415,136404,80777,30611,69439,135315,1089,0.592189
"9","georgia_party",143,0.001789,136404,80777,30611,69439,135315,1089,0.592189
"9","unity_development",140,0.001752,136404,80777,30611,69439,135315,1089,0.592189
"9","tribuna",113,0.001414,136404,80777,30611,69439,135315,1089,0.592189
"9","chven",103,0.001289,136404,80777,30611,69439,135315,1089,0.592189
"9","our_georgia",69,0.000863,136404,80777,30611,69439,135315,1089,0.592189
"9","left_alliance",63,0.000788,136404,80777,30611,69439,135315,1089,0.592189
"10","gd",35062,0.407622,153230,87048,34604,74957,150072,3158,0.568087
"10","coalition_for_change",13503,0.156982,153230,87048,34604,74957,150072,3158,0.568087
"10","gakharia",9955,0.115734,153230,87048,34604,74957,150072,3158,0.568087
"10","strong_georgia",9648,0.112165,153230,87048,34604,74957,150072,3158,0.568087
"10","unity",6737,0.078323,153230,87048,34604,74957,150072,3158,0.568087
"10","girchi",4569,0.053118,153230,87048,34604,74957,150072,3158,0.568087
"10","patriots",3133,0.036423,153230,87048,34604,74957,150072,3158,0.568087
"10","labour",1185,0.013777,153230,87048,34604,74957,150072,3158,0.568087
"10","change_georgia",818,0.00951,153230,87048,34604,74957,150072,3158,0.568087
"10","european_democrats",296,0.003441,153230,87048,34604,74957,150072,3158,0.568087
"10","free_georgia",210,0.002441,153230,87048,34604,74957,150072,3158,0.568087
"10","georgian_unity",200,0.002325,153230,87048,34604,74957,150072,3158,0.568087
"10","georgia_party",167,0.001941,153230,87048,34604,74957,150072,3158,0.568087
"10","unity_development",156,0.001814,153230,87048,34604,74957,150072,3158,0.568087
"10","chven",134,0.001558,153230,87048,34604,74957,150072,3158,0.568087
"10","tribuna",119,0.001383,153230,87048,34604,74957,150072,3158,0.568087
"10","our_georgia",69,0.000802,153230,87048,34604,74957,150072,3158,0.568087
"10","left_alliance",55,0.000639,153230,87048,34604,74957,150072,3158,0.568087
"11","gd",16326,0.655426,46858,25404,10070,21858,46471,387,0.542149
"11","unity",2935,0.117829,46858,25404,10070,21858,46471,387,0.542149
"11","strong_georgia",1660,0.066643,46858,25404,10070,21858,46471,387,0.542149
"11","coalition_for_change",1208,0.048497,46858,25404,10070,21858,46471,387,0.542149
"11","gakharia",1106,0.044402,46858,25404,10070,21858,46471,387,0.542149
"11","patriots",645,0.025894,46858,25404,10070,21858,46471,387,0.542149
"11","girchi",392,0.015737,46858,25404,10070,21858,46471,387,0.542149
"11","labour",179,0.007186,46858,25404,10070,21858,46471,387,0.542149
"11","change_georgia",145,0.005821,46858,25404,10070,21858,46471,387,0.542149
"11","european_democrats",87,0.003493,46858,25404,10070,21858,46471,387,0.542149
"11","georgian_unity",52,0.002088,46858,25404,10070,21858,46471,387,0.542149
"11","free_georgia",45,0.001807,46858,25404,10070,21858,46471,387,0.542149
"11","unity_development",34,0.001365,46858,25404,10070,21858,46471,387,0.542149
"11","georgia_party",26,0.001044,46858,25404,10070,21858,46471,387,0.542149
"11","tribuna",21,0.000843,46858,25404,10070,21858,46471,387,0.542149
"11","our_georgia",20,0.000803,46858,25404,10070,21858,46471,387,0.542149
"11","left_alliance",17,0.000682,46858,25404,10070,21858,46471,387,0.542149
"11","chven",11,0.000442,46858,25404,10070,21858,46471,387,0.542149
"12","gd",20141,0.622789,50178,32867,13354,28368,49850,328,0.655008
"12","unity",3020,0.093383,50178,32867,13354,28368,49850,328,0.655008
"12","strong_georgia",2721,0.084137,50178,32867,13354,28368,49850,328,0.655008
"12","coalition_for_change",2604,0.080519,50178,32867,13354,28368,49850,328,0.655008
"12","gakharia",1593,0.049258,50178,32867,13354,28368,49850,328,0.655008
"12","patriots",880,0.027211,50178,32867,13354,28368,49850,328,0.655008
"12","girchi",492,0.015213,50178,32867,13354,28368,49850,328,0.655008
"12","change_georgia",231,0.007143,50178,32867,13354,28368,49850,328,0.655008
"12","labour",210,0.006494,50178,32867,13354,28368,49850,328,0.655008
"12","european_democrats",141,0.00436,50178,32867,13354,28368,49850,328,0.655008
"12","unity_development",79,0.002443,50178,32867,13354,28368,49850,328,0.655008
"12","free_georgia",71,0.002195,50178,32867,13354,28368,49850,328,0.655008
"12","georgian_unity",47,0.001453,50178,32867,13354,28368,49850,328,0.655008
"12","georgia_party",34,0.001051,50178,32867,13354,28368,49850,328,0.655008
"12","tribuna",23,0.000711,50178,32867,13354,28368,49850,328,0.655008
"12","our_georgia",22,0.00068,50178,32867,13354,28368,49850,328,0.655008
"12","chven",16,0.000495,50178,32867,13354,28368,49850,328,0.655008
"12","left_alliance",15,0.000464,50178,32867,13354,28368,49850,328,0.655008
"13","gd",11316,0.625124,28202,18360,7111,15676,27949,253,0.651018
"13","unity",2000,0.110485,28202,18360,7111,15676,27949,253,0.651018
"13","strong_georgia",1571,0.086786,28202,18360,7111,15676,27949,253,0.651018
"13","coalition_for_change",1134,0.062645,28202,18360,7111,15676,27949,253,0.651018
"13","gakharia",805,0.04447,28202,18360,7111,15676,27949,253,0.651018
"13","patriots",513,0.028339,28202,18360,7111,15676,27949,253,0.651018
"13","girchi",307,0.016959,28202,18360,7111,15676,27949,253,0.651018
"13","labour",124,0.00685,28202,18360,7111,15676,27949,253,0.651018
"13","european_democrats",82,0.00453,28202,18360,7111,15676,27949,253,0.651018
"13","change_georgia",79,0.004364,28202,18360,7111,15676,27949,253,0.651018
"13","georgian_unity",32,0.001768,28202,18360,7111,15676,27949,253,0.651018
"13","georgia_party",31,0.001713,28202,18360,7111,15676,27949,253,0.651018
"13","free_georgia",28,0.001547,28202,18360,7111,15676,27949,253,0.651018
"13","unity_development",25,0.001381,28202,18360,7111,15676,27949,253,0.651018
"13","our_georgia",17,0.000939,28202,18360,7111,15676,27949,253,0.651018
"13","tribuna",17,0.000939,28202,18360,7111,15676,27949,253,0.651018
"13","left_alliance",11,0.000608,28202,18360,7111,15676,27949,253,0.651018
"13","chven",10,0.000552,28202,18360,7111,15676,27949,253,0.651018
"14","gd",8338,0.66322,20596,12717,5033,11124,20352,244,0.61745
"14","unity",1244,0.09895,20596,12717,5033,11124,20352,244,0.61745
"14","strong_georgia",1006,0.080019,20596,12717,5033,11124,20352,244,0.61745
"14","coalition_for_change",680,0.054088,20596,12717,5033,11124,20352,244,0.61745
"14","gakharia",475,0.037782,20596,12717,5033,11124,20352,244,0.61745
"14","patriots",354,0.028158,20596,12717,5033,11124,20352,244,0.61745
"14","girchi",210,0.016704,20596,12717,5033,11124,20352,244,0.61745
"14","labour",69,0.005488,20596,12717,5033,11124,20352,244,0.61745
"14","change_georgia",50,0.003977,20596,12717,5033,11124,20352,244,0.61745
"14","free_georgia",29,0.002307,20596,12717,5033,11124,20352,244,0.61745
"14","european_democrats",22,0.00175,20596,12717,5033,11124,20352,244,0.61745
"14","georgia_party",21,0.00167,20596,12717,5033,11124,20352,244,0.61745
"14","unity_development",21,0.00167,20596,12717,5033,11124,20352,244,0.61745
"14","georgian_unity",17,0.001352,20596,12717,5033,11124,20352,244,0.61745
"14","tribuna",12,0.000955,20596,12717,5033,11124,20352,244,0.61745
"14","our_georgia",11,0.000875,20596,12717,5033,11124,20352,244,0.61745
"14","left_alliance",7,0.000557,20596,12717,5033,11124,20352,244,0.61745
"14","chven",6,0.000477,20596,12717,5033,11124,20352,244,0.61745
"15","gd",13172,0.623379,38565,21696,9119,18749,38349,216,0.562583
"15","unity",3087,0.146096,38565,21696,9119,18749,38349,216,0.562583
"15","strong_georgia",1552,0.07345,38565,21696,9119,18749,38349,216,0.562583
"15","coalition_for_change",1435,0.067913,38565,21696,9119,18749,38349,216,0.562583
"15","gakharia",744,0.035211,38565,21696,9119,18749,38349,216,0.562583
"15","patriots",337,0.015949,38565,21696,9119,18749,38349,216,0.562583
"15","girchi",309,0.014624,38565,21696,9119,18749,38349,216,0.562583
"15","change_georgia",108,0.005111,38565,21696,9119,18749,38349,216,0.562583
"15","european_democrats",101,0.00478,38565,21696,9119,18749,38349,216,0.562583
"15","labour",90,0.004259,38565,21696,9119,18749,38349,216,0.562583
"15","unity_development",54,0.002556,38565,21696,9119,18749,38349,216,0.562583
"15","georgian_unity",36,0.001704,38565,21696,9119,18749,38349,216,0.562583
"15","free_georgia",32,0.001514,38565,21696,9119,18749,38349,216,0.562583
"15","georgia_party",18,0.000852,38565,21696,9119,18749,38349,216,0.562583
"15","tribuna",18,0.000852,38565,21696,9119,18749,38349,216,0.562583
"15","chven",14,0.000663,38565,21696,9119,18749,38349,216,0.562583
"15","left_alliance",13,0.000615,38565,21696,9119,18749,38349,216,0.562583
"15","our_georgia",10,0.000473,38565,21696,9119,18749,38349,216,0.562583
"16","gd",9851,0.571536,27543,17653,7207,14807,27337,206,0.640925
"16","unity",2538,0.14725,27543,17653,7207,14807,27337,206,0.640925
"16","strong_georgia",1542,0.089464,27543,17653,7207,14807,27337,206,0.640925
"16","coalition_for_change",1159,0.067243,27543,17653,7207,14807,27337,206,0.640925
"16","gakharia",781,0.045312,27543,17653,7207,14807,27337,206,0.640925
"16","patriots",642,0.037248,27543,17653,7207,14807,27337,206,0.640925
"16","girchi",270,0.015665,27543,17653,7207,14807,27337,206,0.640925
"16","european_democrats",93,0.005396,27543,17653,7207,14807,27337,206,0.640925
"16","change_georgia",87,0.005048,27543,17653,7207,14807,27337,206,0.640925
"16","labour",87,0.005048,27543,17653,7207,14807,27337,206,0.640925
"16","georgian_unity",37,0.002147,27543,17653,7207,14807,27337,206,0.640925
"16","free_georgia",35,0.002031,27543,17653,7207,14807,27337,206,0.640925
"16","unity_development",35,0.002031,27543,17653,7207,14807,27337,206,0.640925
"16","georgia_party",24,0.001392,27543,17653,7207,14807,27337,206,0.640925
"16","tribuna",18,0.001044,27543,17653,7207,14807,27337,206,0.640925
"16","our_georgia",14,0.000812,27543,17653,7207,14807,27337,206,0.640925
"16","chven",12,0.000696,27543,17653,7207,14807,27337,206,0.640925
"16","left_alliance",11,0.000638,27543,17653,7207,14807,27337,206,0.640925
"17","gd",17912,0.548304,55474,33146,12130,27301,55050,424,0.597505
"17","unity",5082,0.155565,55474,33146,12130,27301,55050,424,0.597505
"17","strong_georgia",2906,0.088956,55474,33146,12130,27301,55050,424,0.597505
"17","coalition_for_change",2677,0.081946,55474,33146,12130,27301,55050,424,0.597505
"17","gakharia",1519,0.046498,55474,33146,12130,27301,55050,424,0.597505
"17","patriots",982,0.03006,55474,33146,12130,27301,55050,424,0.597505
"17","girchi",653,0.019989,55474,33146,12130,27301,55050,424,0.597505
"17","labour",284,0.008694,55474,33146,12130,27301,55050,424,0.597505
"17","change_georgia",228,0.006979,55474,33146,12130,27301,55050,424,0.597505
"17","european_democrats",144,0.004408,55474,33146,12130,27301,55050,424,0.597505
"17","unity_development",64,0.001959,55474,33146,12130,27301,55050,424,0.597505
"17","georgian_unity",48,0.001469,55474,33146,12130,27301,55050,424,0.597505
"17","free_georgia",47,0.001439,55474,33146,12130,27301,55050,424,0.597505
"17","tribuna",35,0.001071,55474,33146,12130,27301,55050,424,0.597505
"17","georgia_party",33,0.00101,55474,33146,12130,27301,55050,424,0.597505
"17","our_georgia",22,0.000673,55474,33146,12130,27301,55050,424,0.597505
"17","left_alliance",17,0.00052,55474,33146,12130,27301,55050,424,0.597505
"17","chven",15,0.000459,55474,33146,12130,27301,55050,424,0.597505
"18","gd",8775,0.5625,29657,15980,6088,13063,29486,171,0.538827
"18","unity",2259,0.144808,29657,15980,6088,13063,29486,171,0.538827
"18","coalition_for_change",1575,0.100962,29657,15980,6088,13063,29486,171,0.538827
"18","strong_georgia",1225,0.078526,29657,15980,6088,13063,29486,171,0.538827
"18","gakharia",670,0.042949,29657,15980,6088,13063,29486,171,0.538827
"18","patriots",374,0.023974,29657,15980,6088,13063,29486,171,0.538827
"18","girchi",300,0.019231,29657,15980,6088,13063,29486,171,0.538827
"18","labour",96,0.006154,29657,15980,6088,13063,29486,171,0.538827
"18","change_georgia",87,0.005577,29657,15980,6088,13063,29486,171,0.538827
"18","european_democrats",80,0.005128,29657,15980,6088,13063,29486,171,0.538827
"18","georgian_unity",41,0.002628,29657,15980,6088,13063,29486,171,0.538827
"18","unity_development",32,0.002051,29657,15980,6088,13063,29486,171,0.538827
"18","free_georgia",28,0.001795,29657,15980,6088,13063,29486,171,0.538827
"18","georgia_party",18,0.001154,29657,15980,6088,13063,29486,171,0.538827
"18","tribuna",11,0.000705,29657,15980,6088,13063,29486,171,0.538827
"18","left_alliance",10,0.000641,29657,15980,6088,13063,29486,171,0.538827
"18","our_georgia",10,0.000641,29657,15980,6088,13063,29486,171,0.538827
"18","chven",9,0.000577,29657,15980,6088,13063,29486,171,0.538827
"19","gd",4034,0.618238,10895,6622,2464,5541,10797,98,0.607802
"19","coalition_for_change",600,0.091954,10895,6622,2464,5541,10797,98,0.607802
"19","strong_georgia",506,0.077548,10895,6622,2464,5541,10797,98,0.607802
"19","unity",400,0.061303,10895,6622,2464,5541,10797,98,0.607802
"19","gakharia",394,0.060383,10895,6622,2464,5541,10797,98,0.607802
"19","patriots",270,0.041379,10895,6622,2464,5541,10797,98,0.607802
"19","girchi",136,0.020843,10895,6622,2464,5541,10797,98,0.607802
"19","labour",57,0.008736,10895,6622,2464,5541,10797,98,0.607802
"19","change_georgia",35,0.005364,10895,6622,2464,5541,10797,98,0.607802
"19","european_democrats",25,0.003831,10895,6622,2464,5541,10797,98,0.607802
"19","georgian_unity",17,0.002605,10895,6622,2464,5541,10797,98,0.607802
"19","unity_development",16,0.002452,10895,6622,2464,5541,10797,98,0.607802
"19","free_georgia",10,0.001533,10895,6622,2464,5541,10797,98,0.607802
"19","georgia_party",8,0.001226,10895,6622,2464,5541,10797,98,0.607802
"19","our_georgia",7,0.001073,10895,6622,2464,5541,10797,98,0.607802
"19","left_alliance",5,0.000766,10895,6622,2464,5541,10797,98,0.607802
"19","chven",3,0.00046,10895,6622,2464,5541,10797,98,0.607802
"19","tribuna",2,0.000307,10895,6622,2464,5541,10797,98,0.607802
"20","gd",25370,0.414136,108816,62236,26995,54099,106310,2506,0.571938
"20","coalition_for_change",8661,0.141381,108816,62236,26995,54099,106310,2506,0.571938
"20","unity",6884,0.112373,108816,62236,26995,54099,106310,2506,0.571938
"20","gakharia",6487,0.105893,108816,62236,26995,54099,106310,2506,0.571938
"20","strong_georgia",6308,0.102971,108816,62236,26995,54099,106310,2506,0.571938
"20","girchi",3023,0.049347,108816,62236,26995,54099,106310,2506,0.571938
"20","patriots",1952,0.031864,108816,62236,26995,54099,106310,2506,0.571938
"20","labour",749,0.012227,108816,62236,26995,54099,106310,2506,0.571938
"20","change_georgia",732,0.011949,108816,62236,26995,54099,106310,2506,0.571938
"20","european_democrats",244,0.003983,108816,62236,26995,54099,106310,2506,0.571938
"20","free_georgia",184,0.003004,108816,62236,26995,54099,106310,2506,0.571938
"20","unity_development",149,0.002432,108816,62236,26995,54099,106310,2506,0.571938
"20","georgia_party",139,0.002269,108816,62236,26995,54099,106310,2506,0.571938
"20","georgian_unity",133,0.002171,108816,62236,26995,54099,106310,2506,0.571938
"20","chven",76,0.001241,108816,62236,26995,54099,106310,2506,0.571938
"20","tribuna",64,0.001045,108816,62236,26995,54099,106310,2506,0.571938
"20","our_georgia",60,0.000979,108816,62236,26995,54099,106310,2506,0.571938
"20","left_alliance",45,0.000735,108816,62236,26995,54099,106310,2506,0.571938
"21","gd",22444,0.679606,74950,33899,12502,27376,74270,680,0.452288
"21","unity",4297,0.130114,74950,33899,12502,27376,74270,680,0.452288
"21","strong_georgia",1535,0.04648,74950,33899,12502,27376,74270,680,0.452288
"21","coalition_for_change",1534,0.04645,74950,33899,12502,27376,74270,680,0.452288
"21","gakharia",1377,0.041696,74950,33899,12502,27376,74270,680,0.452288
"21","patriots",714,0.02162,74950,33899,12502,27376,74270,680,0.452288
"21","girchi",447,0.013535,74950,33899,12502,27376,74270,680,0.452288
"21","labour",176,0.005329,74950,33899,12502,27376,74270,680,0.452288
"21","change_georgia",156,0.004724,74950,33899,12502,27376,74270,680,0.452288
"21","european_democrats",69,0.002089,74950,33899,12502,27376,74270,680,0.452288
"21","unity_development",69,0.002089,74950,33899,12502,27376,74270,680,0.452288
"21","free_georgia",62,0.001877,74950,33899,12502,27376,74270,680,0.452288
"21","georgian_unity",45,0.001363,74950,33899,12502,27376,74270,680,0.452288
"21","georgia_party",29,0.000878,74950,33899,12502,27376,74270,680,0.452288
"21","our_georgia",24,0.000727,74950,33899,12502,27376,74270,680,0.452288
"21","chven",21,0.000636,74950,33899,12502,27376,74270,680,0.452288
"21","tribuna",18,0.000545,74950,33899,12502,27376,74270,680,0.452288
"21","left_alliance",8,0.000242,74950,33899,12502,27376,74270,680,0.452288
"22","gd",34394,0.796194,102297,44415,17579,35699,101572,725,0.434177
"22","unity",5399,0.124983,102297,44415,17579,35699,101572,725,0.434177
"22","strong_georgia",1657,0.038358,102297,44415,17579,35699,101572,725,0.434177
"22","coalition_for_change",709,0.016413,102297,44415,17579,35699,101572,725,0.434177
"22","gakharia",432,0.01,102297,44415,17579,35699,101572,725,0.434177
"22","patriots",187,0.004329,102297,44415,17579,35699,101572,725,0.434177
"22","girchi",103,0.002384,102297,44415,17579,35699,101572,725,0.434177
"22","european_democrats",71,0.001644,102297,44415,17579,35699,101572,725,0.434177
"22","tribuna",43,0.000995,102297,44415,17579,35699,101572,725,0.434177
"22","unity_development",43,0.000995,102297,44415,17579,35699,101572,725,0.434177
"22","change_georgia",32,0.000741,102297,44415,17579,35699,101572,725,0.434177
"22","labour",27,0.000625,102297,44415,17579,35699,101572,725,0.434177
"22","free_georgia",25,0.000579,102297,44415,17579,35699,101572,725,0.434177
"22","georgian_unity",22,0.000509,102297,44415,17579,35699,101572,725,0.434177
"22","chven",20,0.000463,102297,44415,17579,35699,101572,725,0.434177
"22","georgia_party",16,0.00037,102297,44415,17579,35699,101572,725,0.434177
"22","our_georgia",12,0.000278,102297,44415,17579,35699,101572,725,0.434177
"22","left_alliance",6,0.000139,102297,44415,17579,35699,101572,725,0.434177
"23","gd",20827,0.814254,56770,26463,11712,22666,56341,429,0.466144
"23","unity",1982,0.077488,56770,26463,11712,22666,56341,429,0.466144
"23","strong_georgia",842,0.032919,56770,26463,11712,22666,56341,429,0.466144
"23","coalition_for_change",655,0.025608,56770,26463,11712,22666,56341,429,0.466144
"23","gakharia",486,0.019001,56770,26463,11712,22666,56341,429,0.466144
"23","patriots",304,0.011885,56770,26463,11712,22666,56341,429,0.466144
"23","girchi",218,0.008523,56770,26463,11712,22666,56341,429,0.466144
"23","unity_development",51,0.001994,56770,26463,11712,22666,56341,429,0.466144
"23","labour",49,0.001916,56770,26463,11712,22666,56341,429,0.466144
"23","change_georgia",43,0.001681,56770,26463,11712,22666,56341,429,0.466144
"23","european_democrats",42,0.001642,56770,26463,11712,22666,56341,429,0.466144
"23","free_georgia",21,0.000821,56770,26463,11712,22666,56341,429,0.466144
"23","georgian_unity",16,0.000626,56770,26463,11712,22666,56341,429,0.466144
"23","tribuna",11,0.00043,56770,26463,11712,22666,56341,429,0.466144
"23","georgia_party",10,0.000391,56770,26463,11712,22666,56341,429,0.466144
"23","chven",9,0.000352,56770,26463,11712,22666,56341,429,0.466144
"23","our_georgia",8,0.000313,56770,26463,11712,22666,56341,429,0.466144
"23","left_alliance",4,0.000156,56770,26463,11712,22666,56341,429,0.466144
"24","gd",9355,0.753767,23540,12773,5624,11244,23068,472,0.542608
"24","unity",1859,0.149786,23540,12773,5624,11244,23068,472,0.542608
"24","strong_georgia",387,0.031182,23540,12773,5624,11244,23068,472,0.542608
"24","coalition_for_change",281,0.022641,23540,12773,5624,11244,23068,472,0.542608
"24","gakharia",186,0.014987,23540,12773,5624,11244,23068,472,0.542608
"24","patriots",134,0.010797,23540,12773,5624,11244,23068,472,0.542608
"24","girchi",76,0.006124,23540,12773,5624,11244,23068,472,0.542608
"24","labour",26,0.002095,23540,12773,5624,11244,23068,472,0.542608
"24","change_georgia",25,0.002014,23540,12773,5624,11244,23068,472,0.542608
"24","european_democrats",24,0.001934,23540,12773,5624,11244,23068,472,0.542608
"24","unity_development",18,0.00145,23540,12773,5624,11244,23068,472,0.542608
"24","georgian_unity",10,0.000806,23540,12773,5624,11244,23068,472,0.542608
"24","our_georgia",8,0.000645,23540,12773,5624,11244,23068,472,0.542608
"24","georgia_party",7,0.000564,23540,12773,5624,11244,23068,472,0.542608
"24","free_georgia",6,0.000483,23540,12773,5624,11244,23068,472,0.542608
"24","tribuna",5,0.000403,23540,12773,5624,11244,23068,472,0.542608
"24","chven",3,0.000242,23540,12773,5624,11244,23068,472,0.542608
"24","left_alliance",1,8.1e-05,23540,12773,5624,11244,23068,472,0.542608
"25","gd",6290,0.715504,19395,8978,3331,7684,19203,192,0.462903
"25","unity",939,0.106814,19395,8978,3331,7684,19203,192,0.462903
"25","coalition_for_change",776,0.088272,19395,8978,3331,7684,19203,192,0.462903
"25","gakharia",233,0.026504,19395,8978,3331,7684,19203,192,0.462903
"25","strong_georgia",223,0.025367,19395,8978,3331,7684,19203,192,0.462903
"25","chven",121,0.013764,19395,8978,3331,7684,19203,192,0.462903
"25","girchi",81,0.009214,19395,8978,3331,7684,19203,192,0.462903
"25","patriots",48,0.00546,19395,8978,3331,7684,19203,192,0.462903
"25","change_georgia",15,0.001706,19395,8978,3331,7684,19203,192,0.462903
"25","european_democrats",11,0.001251,19395,8978,3331,7684,19203,192,0.462903
"25","free_georgia",10,0.001138,19395,8978,3331,7684,19203,192,0.462903
"25","labour",9,0.001024,19395,8978,3331,7684,19203,192,0.462903
"25","georgia_party",8,0.00091,19395,8978,3331,7684,19203,192,0.462903
"25","georgian_unity",8,0.00091,19395,8978,3331,7684,19203,192,0.462903
"25","tribuna",7,0.000796,19395,8978,3331,7684,19203,192,0.462903
"25","left_alliance",4,0.000455,19395,8978,3331,7684,19203,192,0.462903
"25","our_georgia",4,0.000455,19395,8978,3331,7684,19203,192,0.462903
"25","unity_development",4,0.000455,19395,8978,3331,7684,19203,192,0.462903
"26","gd",7914,0.669373,20311,12032,5582,10829,20017,294,0.592388
"26","strong_georgia",981,0.082974,20311,12032,5582,10829,20017,294,0.592388
"26","unity",969,0.081959,20311,12032,5582,10829,20017,294,0.592388
"26","coalition_for_change",714,0.060391,20311,12032,5582,10829,20017,294,0.592388
"26","gakharia",577,0.048803,20311,12032,5582,10829,20017,294,0.592388
"26","patriots",240,0.020299,20311,12032,5582,10829,20017,294,0.592388
"26","girchi",152,0.012856,20311,12032,5582,10829,20017,294,0.592388
"26","labour",62,0.005244,20311,12032,5582,10829,20017,294,0.592388
"26","change_georgia",54,0.004567,20311,12032,5582,10829,20017,294,0.592388
"26","european_democrats",31,0.002622,20311,12032,5582,10829,20017,294,0.592388
"26","georgian_unity",29,0.002453,20311,12032,5582,10829,20017,294,0.592388
"26","unity_development",23,0.001945,20311,12032,5582,10829,20017,294,0.592388
"26","free_georgia",22,0.001861,20311,12032,5582,10829,20017,294,0.592388
"26","chven",14,0.001184,20311,12032,5582,10829,20017,294,0.592388
"26","georgia_party",13,0.0011,20311,12032,5582,10829,20017,294,0.592388
"26","tribuna",12,0.001015,20311,12032,5582,10829,20017,294,0.592388
"26","left_alliance",8,0.000677,20311,12032,5582,10829,20017,294,0.592388
"26","our_georgia",8,0.000677,20311,12032,5582,10829,20017,294,0.592388
"27","gd",16943,0.581115,46401,29617,11310,24905,44995,1406,0.638284
"27","coalition_for_change",2556,0.087666,46401,29617,11310,24905,44995,1406,0.638284
"27","strong_georgia",2466,0.08458,46401,29617,11310,24905,44995,1406,0.638284
"27","unity",2361,0.080978,46401,29617,11310,24905,44995,1406,0.638284
"27","gakharia",2303,0.078989,46401,29617,11310,24905,44995,1406,0.638284
"27","patriots",894,0.030663,46401,29617,11310,24905,44995,1406,0.638284
"27","girchi",766,0.026272,46401,29617,11310,24905,44995,1406,0.638284
"27","labour",301,0.010324,46401,29617,11310,24905,44995,1406,0.638284
"27","change_georgia",165,0.005659,46401,29617,11310,24905,44995,1406,0.638284
"27","european_democrats",94,0.003224,46401,29617,11310,24905,44995,1406,0.638284
"27","georgian_unity",63,0.002161,46401,29617,11310,24905,44995,1406,0.638284
"27","free_georgia",60,0.002058,46401,29617,11310,24905,44995,1406,0.638284
"27","unity_development",47,0.001612,46401,29617,11310,24905,44995,1406,0.638284
"27","georgia_party",44,0.001509,46401,29617,11310,24905,44995,1406,0.638284
"27","chven",27,0.000926,46401,29617,11310,24905,44995,1406,0.638284
"27","our_georgia",27,0.000926,46401,29617,11310,24905,44995,1406,0.638284
"27","tribuna",21,0.00072,46401,29617,11310,24905,44995,1406,0.638284
"27","left_alliance",18,0.000617,46401,29617,11310,24905,44995,1406,0.638284
"28","gd",8941,0.592276,27635,15311,5784,12840,27226,409,0.554044
"28","strong_georgia",1428,0.094595,27635,15311,5784,12840,27226,409,0.554044
"28","coalition_for_change",1303,0.086314,27635,15311,5784,12840,27226,409,0.554044
"28","gakharia",1148,0.076047,27635,15311,5784,12840,27226,409,0.554044
"28","unity",770,0.051007,27635,15311,5784,12840,27226,409,0.554044
"28","patriots",628,0.0416,27635,15311,5784,12840,27226,409,0.554044
"28","girchi",326,0.021595,27635,15311,5784,12840,27226,409,0.554044
"28","labour",252,0.016693,27635,15311,5784,12840,27226,409,0.554044
"28","change_georgia",100,0.006624,27635,15311,5784,12840,27226,409,0.554044
"28","european_democrats",50,0.003312,27635,15311,5784,12840,27226,409,0.554044
"28","unity_development",41,0.002716,27635,15311,5784,12840,27226,409,0.554044
"28","georgian_unity",28,0.001855,27635,15311,5784,12840,27226,409,0.554044
"28","free_georgia",23,0.001524,27635,15311,5784,12840,27226,409,0.554044
"28","georgia_party",15,0.000994,27635,15311,5784,12840,27226,409,0.554044
"28","chven",12,0.000795,27635,15311,5784,12840,27226,409,0.554044
"28","left_alliance",11,0.000729,27635,15311,5784,12840,27226,409,0.554044
"28","tribuna",11,0.000729,27635,15311,5784,12840,27226,409,0.554044
"28","our_georgia",9,0.000596,27635,15311,5784,12840,27226,409,0.554044
"29","gd",2517,0.72536,5955,3518,1332,2829,5811,144,0.590764
"29","strong_georgia",231,0.066571,5955,3518,1332,2829,5811,144,0.590764
"29","gakharia",208,0.059942,5955,3518,1332,2829,5811,144,0.590764
"29","patriots",149,0.042939,5955,3518,1332,2829,5811,144,0.590764
"29","coalition_for_change",131,0.037752,5955,3518,1332,2829,5811,144,0.590764
"29","unity",93,0.026801,5955,3518,1332,2829,5811,144,0.590764
"29","girchi",70,0.020173,5955,3518,1332,2829,5811,144,0.590764
"29","labour",22,0.00634,5955,3518,1332,2829,5811,144,0.590764
"29","georgian_unity",15,0.004323,5955,3518,1332,2829,5811,144,0.590764
"29","free_georgia",9,0.002594,5955,3518,1332,2829,5811,144,0.590764
"29","change_georgia",7,0.002017,5955,3518,1332,2829,5811,144,0.590764
"29","european_democrats",5,0.001441,5955,3518,1332,2829,5811,144,0.590764
"29","our_georgia",5,0.001441,5955,3518,1332,2829,5811,144,0.590764
"29","unity_development",5,0.001441,5955,3518,1332,2829,5811,144,0.590764
"29","georgia_party",1,0.000288,5955,3518,1332,2829,5811,144,0.590764
"29","left_alliance",1,0.000288,5955,3518,1332,2829,5811,144,0.590764
"29","tribuna",1,0.000288,5955,3518,1332,2829,5811,144,0.590764
"29","chven",0,0,5955,3518,1332,2829,5811,144,0.590764
"30","gd",13518,0.597032,39225,23021,9064,19515,38973,252,0.586896
"30","unity",2204,0.097341,39225,23021,9064,19515,38973,252,0.586896
"30","strong_georgia",2027,0.089524,39225,23021,9064,19515,38973,252,0.586896
"30","coalition_for_change",1729,0.076363,39225,23021,9064,19515,38973,252,0.586896
"30","gakharia",1416,0.062539,39225,23021,9064,19515,38973,252,0.586896
"30","patriots",706,0.031181,39225,23021,9064,19515,38973,252,0.586896
"30","girchi",484,0.021376,39225,23021,9064,19515,38973,252,0.586896
"30","labour",164,0.007243,39225,23021,9064,19515,38973,252,0.586896
"30","change_georgia",122,0.005388,39225,23021,9064,19515,38973,252,0.586896
"30","european_democrats",79,0.003489,39225,23021,9064,19515,38973,252,0.586896
"30","free_georgia",38,0.001678,39225,23021,9064,19515,38973,252,0.586896
"30","georgian_unity",38,0.001678,39225,23021,9064,19515,38973,252,0.586896
"30","unity_development",30,0.001325,39225,23021,9064,19515,38973,252,0.586896
"30","georgia_party",24,0.00106,39225,23021,9064,19515,38973,252,0.586896
"30","left_alliance",21,0.000927,39225,23021,9064,19515,38973,252,0.586896
"30","tribuna",17,0.000751,39225,23021,9064,19515,38973,252,0.586896
"30","our_georgia",15,0.000662,39225,23021,9064,19515,38973,252,0.586896
"30","chven",10,0.000442,39225,23021,9064,19515,38973,252,0.586896
"32","gd",37495,0.568588,112690,66877,24277,56375,111656,1034,0.59346
"32","unity",6430,0.097507,112690,66877,24277,56375,111656,1034,0.59346
"32","coalition_for_change",5806,0.088044,112690,66877,24277,56375,111656,1034,0.59346
"32","strong_georgia",5754,0.087256,112690,66877,24277,56375,111656,1034,0.59346
"32","gakharia",5045,0.076504,112690,66877,24277,56375,111656,1034,0.59346
"32","patriots",2064,0.031299,112690,66877,24277,56375,111656,1034,0.59346
"32","girchi",1479,0.022428,112690,66877,24277,56375,111656,1034,0.59346
"32","labour",470,0.007127,112690,66877,24277,56375,111656,1034,0.59346
"32","change_georgia",454,0.006885,112690,66877,24277,56375,111656,1034,0.59346
"32","european_democrats",256,0.003882,112690,66877,24277,56375,111656,1034,0.59346
"32","free_georgia",149,0.002259,112690,66877,24277,56375,111656,1034,0.59346
"32","georgian_unity",136,0.002062,112690,66877,24277,56375,111656,1034,0.59346
"32","unity_development",109,0.001653,112690,66877,24277,56375,111656,1034,0.59346
"32","georgia_party",99,0.001501,112690,66877,24277,56375,111656,1034,0.59346
"32","our_georgia",59,0.000895,112690,66877,24277,56375,111656,1034,0.59346
"32","tribuna",52,0.000789,112690,66877,24277,56375,111656,1034,0.59346
"32","chven",44,0.000667,112690,66877,24277,56375,111656,1034,0.59346
"32","left_alliance",43,0.000652,112690,66877,24277,56375,111656,1034,0.59346
"33","gd",13941,0.609123,37435,23328,8622,19932,37212,223,0.62316
"33","unity",2444,0.106786,37435,23328,8622,19932,37212,223,0.62316
"33","strong_georgia",1803,0.078778,37435,23328,8622,19932,37212,223,0.62316
"33","coalition_for_change",1716,0.074977,37435,23328,8622,19932,37212,223,0.62316
"33","gakharia",1404,0.061345,37435,23328,8622,19932,37212,223,0.62316
"33","patriots",620,0.02709,37435,23328,8622,19932,37212,223,0.62316
"33","girchi",340,0.014856,37435,23328,8622,19932,37212,223,0.62316
"33","change_georgia",148,0.006467,37435,23328,8622,19932,37212,223,0.62316
"33","labour",127,0.005549,37435,23328,8622,19932,37212,223,0.62316
"33","european_democrats",86,0.003758,37435,23328,8622,19932,37212,223,0.62316
"33","unity_development",57,0.00249,37435,23328,8622,19932,37212,223,0.62316
"33","free_georgia",55,0.002403,37435,23328,8622,19932,37212,223,0.62316
"33","georgia_party",35,0.001529,37435,23328,8622,19932,37212,223,0.62316
"33","georgian_unity",31,0.001354,37435,23328,8622,19932,37212,223,0.62316
"33","our_georgia",31,0.001354,37435,23328,8622,19932,37212,223,0.62316
"33","tribuna",20,0.000874,37435,23328,8622,19932,37212,223,0.62316
"33","left_alliance",15,0.000655,37435,23328,8622,19932,37212,223,0.62316
"33","chven",14,0.000612,37435,23328,8622,19932,37212,223,0.62316
"35","gd",14800,0.52332,48230,28640,9544,23655,47874,356,0.593821
"35","unity",2974,0.105159,48230,28640,9544,23655,47874,356,0.593821
"35","strong_georgia",2934,0.103745,48230,28640,9544,23655,47874,356,0.593821
"35","coalition_for_change",2598,0.091864,48230,28640,9544,23655,47874,356,0.593821
"35","gakharia",2311,0.081716,48230,28640,9544,23655,47874,356,0.593821
"35","patriots",934,0.033026,48230,28640,9544,23655,47874,356,0.593821
"35","girchi",796,0.028146,48230,28640,9544,23655,47874,356,0.593821
"35","change_georgia",225,0.007956,48230,28640,9544,23655,47874,356,0.593821
"35","labour",222,0.00785,48230,28640,9544,23655,47874,356,0.593821
"35","european_democrats",144,0.005092,48230,28640,9544,23655,47874,356,0.593821
"35","free_georgia",71,0.002511,48230,28640,9544,23655,47874,356,0.593821
"35","georgian_unity",67,0.002369,48230,28640,9544,23655,47874,356,0.593821
"35","unity_development",65,0.002298,48230,28640,9544,23655,47874,356,0.593821
"35","georgia_party",49,0.001733,48230,28640,9544,23655,47874,356,0.593821
"35","tribuna",29,0.001025,48230,28640,9544,23655,47874,356,0.593821
"35","our_georgia",27,0.000955,48230,28640,9544,23655,47874,356,0.593821
"35","left_alliance",19,0.000672,48230,28640,9544,23655,47874,356,0.593821
"35","chven",16,0.000566,48230,28640,9544,23655,47874,356,0.593821
"36","gd",9816,0.613347,26824,16213,5719,13849,26643,181,0.604421
"36","strong_georgia",1246,0.077856,26824,16213,5719,13849,26643,181,0.604421
"36","unity",1227,0.076668,26824,16213,5719,13849,26643,181,0.604421
"36","coalition_for_change",1196,0.074731,26824,16213,5719,13849,26643,181,0.604421
"36","gakharia",1001,0.062547,26824,16213,5719,13849,26643,181,0.604421
"36","patriots",598,0.037366,26824,16213,5719,13849,26643,181,0.604421
"36","girchi",368,0.022994,26824,16213,5719,13849,26643,181,0.604421
"36","change_georgia",134,0.008373,26824,16213,5719,13849,26643,181,0.604421
"36","labour",129,0.00806,26824,16213,5719,13849,26643,181,0.604421
"36","european_democrats",74,0.004624,26824,16213,5719,13849,26643,181,0.604421
"36","georgian_unity",51,0.003187,26824,16213,5719,13849,26643,181,0.604421
"36","free_georgia",39,0.002437,26824,16213,5719,13849,26643,181,0.604421
"36","unity_development",38,0.002374,26824,16213,5719,13849,26643,181,0.604421
"36","georgia_party",28,0.00175,26824,16213,5719,13849,26643,181,0.604421
"36","our_georgia",21,0.001312,26824,16213,5719,13849,26643,181,0.604421
"36","tribuna",18,0.001125,26824,16213,5719,13849,26643,181,0.604421
"36","left_alliance",11,0.000687,26824,16213,5719,13849,26643,181,0.604421
"36","chven",9,0.000562,26824,16213,5719,13849,26643,181,0.604421
"37","gd",13125,0.616371,33799,21572,7523,18768,33535,264,0.638244
"37","unity",2310,0.108481,33799,21572,7523,18768,33535,264,0.638244
"37","coalition_for_change",2230,0.104724,33799,21572,7523,18768,33535,264,0.638244
"37","strong_georgia",1359,0.063821,33799,21572,7523,18768,33535,264,0.638244
"37","gakharia",1059,0.049732,33799,21572,7523,18768,33535,264,0.638244
"37","girchi",382,0.017939,33799,21572,7523,18768,33535,264,0.638244
"37","patriots",327,0.015356,33799,21572,7523,18768,33535,264,0.638244
"37","change_georgia",113,0.005307,33799,21572,7523,18768,33535,264,0.638244
"37","european_democrats",87,0.004086,33799,21572,7523,18768,33535,264,0.638244
"37","labour",80,0.003757,33799,21572,7523,18768,33535,264,0.638244
"37","unity_development",46,0.00216,33799,21572,7523,18768,33535,264,0.638244
"37","free_georgia",44,0.002066,33799,21572,7523,18768,33535,264,0.638244
"37","georgian_unity",39,0.001832,33799,21572,7523,18768,33535,264,0.638244
"37","georgia_party",27,0.001268,33799,21572,7523,18768,33535,264,0.638244
"37","tribuna",27,0.001268,33799,21572,7523,18768,33535,264,0.638244
"37","left_alliance",16,0.000751,33799,21572,7523,18768,33535,264,0.638244
"37","our_georgia",13,0.000611,33799,21572,7523,18768,33535,264,0.638244
"37","chven",10,0.00047,33799,21572,7523,18768,33535,264,0.638244
"38","gd",6995,0.660654,15529,10754,4086,9390,15418,111,0.692511
"38","unity",1173,0.110786,15529,10754,4086,9390,15418,111,0.692511
"38","strong_georgia",793,0.074896,15529,10754,4086,9390,15418,111,0.692511
"38","coalition_for_change",721,0.068096,15529,10754,4086,9390,15418,111,0.692511
"38","gakharia",344,0.03249,15529,10754,4086,9390,15418,111,0.692511
"38","patriots",152,0.014356,15529,10754,4086,9390,15418,111,0.692511
"38","girchi",117,0.01105,15529,10754,4086,9390,15418,111,0.692511
"38","chven",64,0.006045,15529,10754,4086,9390,15418,111,0.692511
"38","european_democrats",46,0.004345,15529,10754,4086,9390,15418,111,0.692511
"38","change_georgia",43,0.004061,15529,10754,4086,9390,15418,111,0.692511
"38","unity_development",31,0.002928,15529,10754,4086,9390,15418,111,0.692511
"38","labour",28,0.002645,15529,10754,4086,9390,15418,111,0.692511
"38","georgian_unity",25,0.002361,15529,10754,4086,9390,15418,111,0.692511
"38","free_georgia",18,0.0017,15529,10754,4086,9390,15418,111,0.692511
"38","our_georgia",14,0.001322,15529,10754,4086,9390,15418,111,0.692511
"38","left_alliance",9,0.00085,15529,10754,4086,9390,15418,111,0.692511
"38","georgia_party",8,0.000756,15529,10754,4086,9390,15418,111,0.692511
"38","tribuna",7,0.000661,15529,10754,4086,9390,15418,111,0.692511
"39","gd",4948,0.698771,9922,7160,3077,6327,9771,151,0.721629
"39","unity",781,0.110295,9922,7160,3077,6327,9771,151,0.721629
"39","strong_georgia",439,0.061997,9922,7160,3077,6327,9771,151,0.721629
"39","coalition_for_change",398,0.056207,9922,7160,3077,6327,9771,151,0.721629
"39","gakharia",254,0.035871,9922,7160,3077,6327,9771,151,0.721629
"39","patriots",79,0.011157,9922,7160,3077,6327,9771,151,0.721629
"39","girchi",60,0.008473,9922,7160,3077,6327,9771,151,0.721629
"39","labour",23,0.003248,9922,7160,3077,6327,9771,151,0.721629
"39","european_democrats",18,0.002542,9922,7160,3077,6327,9771,151,0.721629
"39","change_georgia",16,0.00226,9922,7160,3077,6327,9771,151,0.721629
"39","georgian_unity",13,0.001836,9922,7160,3077,6327,9771,151,0.721629
"39","free_georgia",11,0.001553,9922,7160,3077,6327,9771,151,0.721629
"39","our_georgia",10,0.001412,9922,7160,3077,6327,9771,151,0.721629
"39","chven",7,0.000989,9922,7160,3077,6327,9771,151,0.721629
"39","unity_development",7,0.000989,9922,7160,3077,6327,9771,151,0.721629
"39","georgia_party",6,0.000847,9922,7160,3077,6327,9771,151,0.721629
"39","tribuna",6,0.000847,9922,7160,3077,6327,9771,151,0.721629
"39","left_alliance",5,0.000706,9922,7160,3077,6327,9771,151,0.721629
"40","gd",18187,0.877836,37808,21015,6541,16790,37496,312,0.555835
"40","unity",1102,0.05319,37808,21015,6541,16790,37496,312,0.555835
"40","coalition_for_change",570,0.027512,37808,21015,6541,16790,37496,312,0.555835
"40","strong_georgia",420,0.020272,37808,21015,6541,16790,37496,312,0.555835
"40","gakharia",148,0.007144,37808,21015,6541,16790,37496,312,0.555835
"40","tribuna",77,0.003717,37808,21015,6541,16790,37496,312,0.555835
"40","european_democrats",39,0.001882,37808,21015,6541,16790,37496,312,0.555835
"40","unity_development",28,0.001351,37808,21015,6541,16790,37496,312,0.555835
"40","patriots",26,0.001255,37808,21015,6541,16790,37496,312,0.555835
"40","girchi",24,0.001158,37808,21015,6541,16790,37496,312,0.555835
"40","labour",21,0.001014,37808,21015,6541,16790,37496,312,0.555835
"40","free_georgia",18,0.000869,37808,21015,6541,16790,37496,312,0.555835
"40","chven",12,0.000579,37808,21015,6541,16790,37496,312,0.555835
"40","our_georgia",11,0.000531,37808,21015,6541,16790,37496,312,0.555835
"40","change_georgia",10,0.000483,37808,21015,6541,16790,37496,312,0.555835
"40","georgia_party",10,0.000483,37808,21015,6541,16790,37496,312,0.555835
"40","georgian_unity",8,0.000386,37808,21015,6541,16790,37496,312,0.555835
"40","left_alliance",7,0.000338,37808,21015,6541,16790,37496,312,0.555835
"41","gd",10597,0.881981,20991,12229,4769,10128,20724,267,0.582583
"41","unity",666,0.055431,20991,12229,4769,10128,20724,267,0.582583
"41","coalition_for_change",451,0.037536,20991,12229,4769,10128,20724,267,0.582583
"41","gakharia",89,0.007407,20991,12229,4769,10128,20724,267,0.582583
"41","strong_georgia",40,0.003329,20991,12229,4769,10128,20724,267,0.582583
"41","chven",39,0.003246,20991,12229,4769,10128,20724,267,0.582583
"41","european_democrats",26,0.002164,20991,12229,4769,10128,20724,267,0.582583
"41","tribuna",24,0.001998,20991,12229,4769,10128,20724,267,0.582583
"41","patriots",18,0.001498,20991,12229,4769,10128,20724,267,0.582583
"41","girchi",15,0.001248,20991,12229,4769,10128,20724,267,0.582583
"41","free_georgia",12,0.000999,20991,12229,4769,10128,20724,267,0.582583
"41","unity_development",12,0.000999,20991,12229,4769,10128,20724,267,0.582583
"41","change_georgia",8,0.000666,20991,12229,4769,10128,20724,267,0.582583
"41","georgia_party",6,0.000499,20991,12229,4769,10128,20724,267,0.582583
"41","our_georgia",5,0.000416,20991,12229,4769,10128,20724,267,0.582583
"41","left_alliance",3,0.00025,20991,12229,4769,10128,20724,267,0.582583
"41","georgian_unity",2,0.000166,20991,12229,4769,10128,20724,267,0.582583
"41","labour",2,0.000166,20991,12229,4769,10128,20724,267,0.582583
"43","gd",2784,0.614841,7136,4590,1953,4175,6967,169,0.643217
"43","strong_georgia",571,0.126104,7136,4590,1953,4175,6967,169,0.643217
"43","coalition_for_change",359,0.079284,7136,4590,1953,4175,6967,169,0.643217
"43","gakharia",272,0.060071,7136,4590,1953,4175,6967,169,0.643217
"43","unity",245,0.054108,7136,4590,1953,4175,6967,169,0.643217
"43","patriots",133,0.029373,7136,4590,1953,4175,6967,169,0.643217
"43","girchi",90,0.019876,7136,4590,1953,4175,6967,169,0.643217
"43","labour",16,0.003534,7136,4590,1953,4175,6967,169,0.643217
"43","european_democrats",14,0.003092,7136,4590,1953,4175,6967,169,0.643217
"43","unity_development",12,0.00265,7136,4590,1953,4175,6967,169,0.643217
"43","change_georgia",10,0.002208,7136,4590,1953,4175,6967,169,0.643217
"43","our_georgia",5,0.001104,7136,4590,1953,4175,6967,169,0.643217
"43","free_georgia",4,0.000883,7136,4590,1953,4175,6967,169,0.643217
"43","georgian_unity",4,0.000883,7136,4590,1953,4175,6967,169,0.643217
"43","georgia_party",3,0.000663,7136,4590,1953,4175,6967,169,0.643217
"43","left_alliance",3,0.000663,7136,4590,1953,4175,6967,169,0.643217
"43","chven",2,0.000442,7136,4590,1953,4175,6967,169,0.643217
"43","tribuna",1,0.000221,7136,4590,1953,4175,6967,169,0.643217
"44","gd",5193,0.638274,11914,8235,3865,7476,11706,208,0.691204
"44","coalition_for_change",760,0.093412,11914,8235,3865,7476,11706,208,0.691204
"44","strong_georgia",673,0.082719,11914,8235,3865,7476,11706,208,0.691204
"44","unity",432,0.053097,11914,8235,3865,7476,11706,208,0.691204
"44","gakharia",411,0.050516,11914,8235,3865,7476,11706,208,0.691204
"44","patriots",318,0.039086,11914,8235,3865,7476,11706,208,0.691204
"44","girchi",136,0.016716,11914,8235,3865,7476,11706,208,0.691204
"44","labour",52,0.006391,11914,8235,3865,7476,11706,208,0.691204
"44","european_democrats",45,0.005531,11914,8235,3865,7476,11706,208,0.691204
"44","change_georgia",43,0.005285,11914,8235,3865,7476,11706,208,0.691204
"44","unity_development",22,0.002704,11914,8235,3865,7476,11706,208,0.691204
"44","georgian_unity",19,0.002335,11914,8235,3865,7476,11706,208,0.691204
"44","georgia_party",8,0.000983,11914,8235,3865,7476,11706,208,0.691204
"44","free_georgia",7,0.00086,11914,8235,3865,7476,11706,208,0.691204
"44","left_alliance",5,0.000615,11914,8235,3865,7476,11706,208,0.691204
"44","our_georgia",5,0.000615,11914,8235,3865,7476,11706,208,0.691204
"44","tribuna",4,0.000492,11914,8235,3865,7476,11706,208,0.691204
"44","chven",3,0.000369,11914,8235,3865,7476,11706,208,0.691204
"45","gd",4315,0.629743,10626,6956,3302,6279,10430,196,0.654621
"45","strong_georgia",762,0.111208,10626,6956,3302,6279,10430,196,0.654621
"45","coalition_for_change",574,0.083771,10626,6956,3302,6279,10430,196,0.654621
"45","unity",503,0.073409,10626,6956,3302,6279,10430,196,0.654621
"45","gakharia",322,0.046994,10626,6956,3302,6279,10430,196,0.654621
"45","patriots",128,0.018681,10626,6956,3302,6279,10430,196,0.654621
"45","girchi",79,0.011529,10626,6956,3302,6279,10430,196,0.654621
"45","labour",36,0.005254,10626,6956,3302,6279,10430,196,0.654621
"45","change_georgia",35,0.005108,10626,6956,3302,6279,10430,196,0.654621
"45","european_democrats",32,0.00467,10626,6956,3302,6279,10430,196,0.654621
"45","unity_development",15,0.002189,10626,6956,3302,6279,10430,196,0.654621
"45","free_georgia",13,0.001897,10626,6956,3302,6279,10430,196,0.654621
"45","georgian_unity",12,0.001751,10626,6956,3302,6279,10430,196,0.654621
"45","georgia_party",11,0.001605,10626,6956,3302,6279,10430,196,0.654621
"45","our_georgia",6,0.000876,10626,6956,3302,6279,10430,196,0.654621
"45","left_alliance",4,0.000584,10626,6956,3302,6279,10430,196,0.654621
"45","tribuna",4,0.000584,10626,6956,3302,6279,10430,196,0.654621
"45","chven",1,0.000146,10626,6956,3302,6279,10430,196,0.654621
"46","gd",2542,0.754303,5980,3416,1645,2966,5795,185,0.571237
"46","strong_georgia",256,0.075964,5980,3416,1645,2966,5795,185,0.571237
"46","unity",167,0.049555,5980,3416,1645,2966,5795,185,0.571237
"46","gakharia",131,0.038872,5980,3416,1645,2966,5795,185,0.571237
"46","coalition_for_change",126,0.037389,5980,3416,1645,2966,5795,185,0.571237
"46","patriots",51,0.015134,5980,3416,1645,2966,5795,185,0.571237
"46","girchi",50,0.014837,5980,3416,1645,2966,5795,185,0.571237
"46","change_georgia",9,0.002671,5980,3416,1645,2966,5795,185,0.571237
"46","european_democrats",9,0.002671,5980,3416,1645,2966,5795,185,0.571237
"46","labour",8,0.002374,5980,3416,1645,2966,5795,185,0.571237
"46","unity_development",6,0.00178,5980,3416,1645,2966,5795,185,0.571237
"46","georgia_party",5,0.001484,5980,3416,1645,2966,5795,185,0.571237
"46","our_georgia",5,0.001484,5980,3416,1645,2966,5795,185,0.571237
"46","free_georgia",2,0.000593,5980,3416,1645,2966,5795,185,0.571237
"46","georgian_unity",2,0.000593,5980,3416,1645,2966,5795,185,0.571237
"46","tribuna",1,0.000297,5980,3416,1645,2966,5795,185,0.571237
"46","chven",0,0,5980,3416,1645,2966,5795,185,0.571237
"46","left_alliance",0,0,5980,3416,1645,2966,5795,185,0.571237
"47","gd",3893,0.725224,9244,5427,2255,4677,8955,289,0.587084
"47","strong_georgia",378,0.070417,9244,5427,2255,4677,8955,289,0.587084
"47","unity",314,0.058495,9244,5427,2255,4677,8955,289,0.587084
"47","coalition_for_change",287,0.053465,9244,5427,2255,4677,8955,289,0.587084
"47","gakharia",271,0.050484,9244,5427,2255,4677,8955,289,0.587084
"47","patriots",119,0.022168,9244,5427,2255,4677,8955,289,0.587084
"47","girchi",47,0.008756,9244,5427,2255,4677,8955,289,0.587084
"47","unity_development",13,0.002422,9244,5427,2255,4677,8955,289,0.587084
"47","european_democrats",10,0.001863,9244,5427,2255,4677,8955,289,0.587084
"47","labour",9,0.001677,9244,5427,2255,4677,8955,289,0.587084
"47","change_georgia",8,0.00149,9244,5427,2255,4677,8955,289,0.587084
"47","free_georgia",4,0.000745,9244,5427,2255,4677,8955,289,0.587084
"47","georgian_unity",4,0.000745,9244,5427,2255,4677,8955,289,0.587084
"47","our_georgia",4,0.000745,9244,5427,2255,4677,8955,289,0.587084
"47","tribuna",3,0.000559,9244,5427,2255,4677,8955,289,0.587084
"47","left_alliance",2,0.000373,9244,5427,2255,4677,8955,289,0.587084
"47","chven",1,0.000186,9244,5427,2255,4677,8955,289,0.587084
"47","georgia_party",1,0.000186,9244,5427,2255,4677,8955,289,0.587084
"48","gd",8647,0.650738,19049,13498,5450,12025,18897,152,0.708594
"48","unity",1362,0.102498,19049,13498,5450,12025,18897,152,0.708594
"48","strong_georgia",1119,0.084211,19049,13498,5450,12025,18897,152,0.708594
"48","coalition_for_change",686,0.051626,19049,13498,5450,12025,18897,152,0.708594
"48","gakharia",672,0.050572,19049,13498,5450,12025,18897,152,0.708594
"48","patriots",309,0.023254,19049,13498,5450,12025,18897,152,0.708594
"48","girchi",182,0.013697,19049,13498,5450,12025,18897,152,0.708594
"48","change_georgia",71,0.005343,19049,13498,5450,12025,18897,152,0.708594
"48","european_democrats",54,0.004064,19049,13498,5450,12025,18897,152,0.708594
"48","georgian_unity",48,0.003612,19049,13498,5450,12025,18897,152,0.708594
"48","labour",48,0.003612,19049,13498,5450,12025,18897,152,0.708594
"48","unity_development",24,0.001806,19049,13498,5450,12025,18897,152,0.708594
"48","free_georgia",16,0.001204,19049,13498,5450,12025,18897,152,0.708594
"48","georgia_party",13,0.000978,19049,13498,5450,12025,18897,152,0.708594
"48","tribuna",13,0.000978,19049,13498,5450,12025,18897,152,0.708594
"48","chven",9,0.000677,19049,13498,5450,12025,18897,152,0.708594
"48","our_georgia",8,0.000602,19049,13498,5450,12025,18897,152,0.708594
"48","left_alliance",7,0.000527,19049,13498,5450,12025,18897,152,0.708594
"49","gd",11357,0.556034,32162,20871,7590,17616,32032,130,0.648934
"49","unity",2551,0.124896,32162,20871,7590,17616,32032,130,0.648934
"49","coalition_for_change",2102,0.102913,32162,20871,7590,17616,32032,130,0.648934
"49","strong_georgia",1800,0.088127,32162,20871,7590,17616,32032,130,0.648934
"49","gakharia",988,0.048372,32162,20871,7590,17616,32032,130,0.648934
"49","patriots",623,0.030502,32162,20871,7590,17616,32032,130,0.648934
"49","girchi",393,0.019241,32162,20871,7590,17616,32032,130,0.648934
"49","change_georgia",141,0.006903,32162,20871,7590,17616,32032,130,0.648934
"49","european_democrats",132,0.006463,32162,20871,7590,17616,32032,130,0.648934
"49","labour",97,0.004749,32162,20871,7590,17616,32032,130,0.648934
"49","unity_development",61,0.002987,32162,20871,7590,17616,32032,130,0.648934
"49","georgian_unity",40,0.001958,32162,20871,7590,17616,32032,130,0.648934
"49","free_georgia",38,0.00186,32162,20871,7590,17616,32032,130,0.648934
"49","tribuna",27,0.001322,32162,20871,7590,17616,32032,130,0.648934
"49","our_georgia",23,0.001126,32162,20871,7590,17616,32032,130,0.648934
"49","georgia_party",21,0.001028,32162,20871,7590,17616,32032,130,0.648934
"49","chven",17,0.000832,32162,20871,7590,17616,32032,130,0.648934
"49","left_alliance",14,0.000685,32162,20871,7590,17616,32032,130,0.648934
"50","gd",23182,0.843381,40585,27806,10727,24596,40200,385,0.68513
"50","strong_georgia",1043,0.037945,40585,27806,10727,24596,40200,385,0.68513
"50","gakharia",910,0.033107,40585,27806,10727,24596,40200,385,0.68513
"50","coalition_for_change",647,0.023538,40585,27806,10727,24596,40200,385,0.68513
"50","unity",599,0.021792,40585,27806,10727,24596,40200,385,0.68513
"50","girchi",427,0.015535,40585,27806,10727,24596,40200,385,0.68513
"50","patriots",369,0.013425,40585,27806,10727,24596,40200,385,0.68513
"50","change_georgia",76,0.002765,40585,27806,10727,24596,40200,385,0.68513
"50","labour",58,0.00211,40585,27806,10727,24596,40200,385,0.68513
"50","unity_development",36,0.00131,40585,27806,10727,24596,40200,385,0.68513
"50","european_democrats",32,0.001164,40585,27806,10727,24596,40200,385,0.68513
"50","free_georgia",29,0.001055,40585,27806,10727,24596,40200,385,0.68513
"50","georgian_unity",26,0.000946,40585,27806,10727,24596,40200,385,0.68513
"50","georgia_party",15,0.000546,40585,27806,10727,24596,40200,385,0.68513
"50","left_alliance",15,0.000546,40585,27806,10727,24596,40200,385,0.68513
"50","tribuna",11,4e-04,40585,27806,10727,24596,40200,385,0.68513
"50","chven",6,0.000218,40585,27806,10727,24596,40200,385,0.68513
"50","our_georgia",6,0.000218,40585,27806,10727,24596,40200,385,0.68513
"51","gd",17806,0.565055,53241,32066,11727,27296,52906,335,0.60228
"51","coalition_for_change",3176,0.100787,53241,32066,11727,27296,52906,335,0.60228
"51","unity",3034,0.096281,53241,32066,11727,27296,52906,335,0.60228
"51","strong_georgia",2676,0.08492,53241,32066,11727,27296,52906,335,0.60228
"51","gakharia",2143,0.068006,53241,32066,11727,27296,52906,335,0.60228
"51","girchi",805,0.025546,53241,32066,11727,27296,52906,335,0.60228
"51","patriots",763,0.024213,53241,32066,11727,27296,52906,335,0.60228
"51","change_georgia",210,0.006664,53241,32066,11727,27296,52906,335,0.60228
"51","labour",199,0.006315,53241,32066,11727,27296,52906,335,0.60228
"51","european_democrats",185,0.005871,53241,32066,11727,27296,52906,335,0.60228
"51","tribuna",149,0.004728,53241,32066,11727,27296,52906,335,0.60228
"51","georgian_unity",75,0.00238,53241,32066,11727,27296,52906,335,0.60228
"51","free_georgia",69,0.00219,53241,32066,11727,27296,52906,335,0.60228
"51","georgia_party",63,0.001999,53241,32066,11727,27296,52906,335,0.60228
"51","unity_development",62,0.001968,53241,32066,11727,27296,52906,335,0.60228
"51","left_alliance",35,0.001111,53241,32066,11727,27296,52906,335,0.60228
"51","our_georgia",34,0.001079,53241,32066,11727,27296,52906,335,0.60228
"51","chven",28,0.000889,53241,32066,11727,27296,52906,335,0.60228
"52","gd",7262,0.576578,20852,12799,5044,11245,20704,148,0.613802
"52","unity",1493,0.118539,20852,12799,5044,11245,20704,148,0.613802
"52","coalition_for_change",1459,0.11584,20852,12799,5044,11245,20704,148,0.613802
"52","strong_georgia",1013,0.080429,20852,12799,5044,11245,20704,148,0.613802
"52","gakharia",521,0.041366,20852,12799,5044,11245,20704,148,0.613802
"52","girchi",244,0.019373,20852,12799,5044,11245,20704,148,0.613802
"52","patriots",225,0.017864,20852,12799,5044,11245,20704,148,0.613802
"52","european_democrats",104,0.008257,20852,12799,5044,11245,20704,148,0.613802
"52","change_georgia",68,0.005399,20852,12799,5044,11245,20704,148,0.613802
"52","labour",61,0.004843,20852,12799,5044,11245,20704,148,0.613802
"52","georgian_unity",30,0.002382,20852,12799,5044,11245,20704,148,0.613802
"52","unity_development",30,0.002382,20852,12799,5044,11245,20704,148,0.613802
"52","free_georgia",27,0.002144,20852,12799,5044,11245,20704,148,0.613802
"52","georgia_party",22,0.001747,20852,12799,5044,11245,20704,148,0.613802
"52","tribuna",14,0.001112,20852,12799,5044,11245,20704,148,0.613802
"52","left_alliance",8,0.000635,20852,12799,5044,11245,20704,148,0.613802
"52","chven",7,0.000556,20852,12799,5044,11245,20704,148,0.613802
"52","our_georgia",7,0.000556,20852,12799,5044,11245,20704,148,0.613802
"53","gd",9989,0.6945,23473,14667,5483,12660,23356,117,0.624846
"53","coalition_for_change",1241,0.086282,23473,14667,5483,12660,23356,117,0.624846
"53","unity",1186,0.082458,23473,14667,5483,12660,23356,117,0.624846
"53","strong_georgia",873,0.060697,23473,14667,5483,12660,23356,117,0.624846
"53","gakharia",460,0.031982,23473,14667,5483,12660,23356,117,0.624846
"53","patriots",168,0.01168,23473,14667,5483,12660,23356,117,0.624846
"53","girchi",138,0.009595,23473,14667,5483,12660,23356,117,0.624846
"53","european_democrats",91,0.006327,23473,14667,5483,12660,23356,117,0.624846
"53","change_georgia",60,0.004172,23473,14667,5483,12660,23356,117,0.624846
"53","labour",52,0.003615,23473,14667,5483,12660,23356,117,0.624846
"53","unity_development",34,0.002364,23473,14667,5483,12660,23356,117,0.624846
"53","georgian_unity",28,0.001947,23473,14667,5483,12660,23356,117,0.624846
"53","free_georgia",17,0.001182,23473,14667,5483,12660,23356,117,0.624846
"53","tribuna",12,0.000834,23473,14667,5483,12660,23356,117,0.624846
"53","georgia_party",10,0.000695,23473,14667,5483,12660,23356,117,0.624846
"53","left_alliance",9,0.000626,23473,14667,5483,12660,23356,117,0.624846
"53","our_georgia",9,0.000626,23473,14667,5483,12660,23356,117,0.624846
"53","chven",6,0.000417,23473,14667,5483,12660,23356,117,0.624846
"54","gd",15472,0.624627,43816,25269,8526,21102,43568,248,0.576707
"54","unity",2446,0.098748,43816,25269,8526,21102,43568,248,0.576707
"54","strong_georgia",2089,0.084336,43816,25269,8526,21102,43568,248,0.576707
"54","coalition_for_change",1948,0.078644,43816,25269,8526,21102,43568,248,0.576707
"54","gakharia",1259,0.050828,43816,25269,8526,21102,43568,248,0.576707
"54","patriots",549,0.022164,43816,25269,8526,21102,43568,248,0.576707
"54","girchi",391,0.015785,43816,25269,8526,21102,43568,248,0.576707
"54","change_georgia",165,0.006661,43816,25269,8526,21102,43568,248,0.576707
"54","labour",114,0.004602,43816,25269,8526,21102,43568,248,0.576707
"54","european_democrats",88,0.003553,43816,25269,8526,21102,43568,248,0.576707
"54","georgian_unity",51,0.002059,43816,25269,8526,21102,43568,248,0.576707
"54","unity_development",50,0.002019,43816,25269,8526,21102,43568,248,0.576707
"54","free_georgia",48,0.001938,43816,25269,8526,21102,43568,248,0.576707
"54","georgia_party",32,0.001292,43816,25269,8526,21102,43568,248,0.576707
"54","chven",21,0.000848,43816,25269,8526,21102,43568,248,0.576707
"54","our_georgia",19,0.000767,43816,25269,8526,21102,43568,248,0.576707
"54","left_alliance",15,0.000606,43816,25269,8526,21102,43568,248,0.576707
"54","tribuna",13,0.000525,43816,25269,8526,21102,43568,248,0.576707
"55","gd",8868,0.646544,22132,14065,5088,12013,21748,384,0.635505
"55","unity",1630,0.118839,22132,14065,5088,12013,21748,384,0.635505
"55","coalition_for_change",979,0.071376,22132,14065,5088,12013,21748,384,0.635505
"55","strong_georgia",658,0.047973,22132,14065,5088,12013,21748,384,0.635505
"55","gakharia",595,0.04338,22132,14065,5088,12013,21748,384,0.635505
"55","patriots",370,0.026976,22132,14065,5088,12013,21748,384,0.635505
"55","girchi",232,0.016915,22132,14065,5088,12013,21748,384,0.635505
"55","european_democrats",98,0.007145,22132,14065,5088,12013,21748,384,0.635505
"55","labour",66,0.004812,22132,14065,5088,12013,21748,384,0.635505
"55","change_georgia",60,0.004374,22132,14065,5088,12013,21748,384,0.635505
"55","georgian_unity",39,0.002843,22132,14065,5088,12013,21748,384,0.635505
"55","unity_development",38,0.00277,22132,14065,5088,12013,21748,384,0.635505
"55","free_georgia",18,0.001312,22132,14065,5088,12013,21748,384,0.635505
"55","georgia_party",18,0.001312,22132,14065,5088,12013,21748,384,0.635505
"55","our_georgia",17,0.001239,22132,14065,5088,12013,21748,384,0.635505
"55","left_alliance",11,0.000802,22132,14065,5088,12013,21748,384,0.635505
"55","tribuna",10,0.000729,22132,14065,5088,12013,21748,384,0.635505
"55","chven",9,0.000656,22132,14065,5088,12013,21748,384,0.635505
"56","gd",15569,0.657558,41109,24052,8797,20939,40801,308,0.585079
"56","unity",1874,0.079149,41109,24052,8797,20939,40801,308,0.585079
"56","coalition_for_change",1747,0.073785,41109,24052,8797,20939,40801,308,0.585079
"56","strong_georgia",1725,0.072856,41109,24052,8797,20939,40801,308,0.585079
"56","gakharia",1030,0.043502,41109,24052,8797,20939,40801,308,0.585079
"56","patriots",754,0.031845,41109,24052,8797,20939,40801,308,0.585079
"56","girchi",406,0.017147,41109,24052,8797,20939,40801,308,0.585079
"56","change_georgia",107,0.004519,41109,24052,8797,20939,40801,308,0.585079
"56","european_democrats",106,0.004477,41109,24052,8797,20939,40801,308,0.585079
"56","labour",79,0.003337,41109,24052,8797,20939,40801,308,0.585079
"56","unity_development",58,0.00245,41109,24052,8797,20939,40801,308,0.585079
"56","free_georgia",52,0.002196,41109,24052,8797,20939,40801,308,0.585079
"56","georgian_unity",51,0.002154,41109,24052,8797,20939,40801,308,0.585079
"56","georgia_party",33,0.001394,41109,24052,8797,20939,40801,308,0.585079
"56","tribuna",28,0.001183,41109,24052,8797,20939,40801,308,0.585079
"56","our_georgia",27,0.00114,41109,24052,8797,20939,40801,308,0.585079
"56","chven",16,0.000676,41109,24052,8797,20939,40801,308,0.585079
"56","left_alliance",15,0.000634,41109,24052,8797,20939,40801,308,0.585079
"57","gd",7186,0.59008,20225,12342,5133,11149,20020,205,0.610235
"57","unity",1625,0.133437,20225,12342,5133,11149,20020,205,0.610235
"57","coalition_for_change",1025,0.084168,20225,12342,5133,11149,20020,205,0.610235
"57","strong_georgia",991,0.081376,20225,12342,5133,11149,20020,205,0.610235
"57","gakharia",573,0.047052,20225,12342,5133,11149,20020,205,0.610235
"57","patriots",260,0.02135,20225,12342,5133,11149,20020,205,0.610235
"57","girchi",220,0.018065,20225,12342,5133,11149,20020,205,0.610235
"57","change_georgia",70,0.005748,20225,12342,5133,11149,20020,205,0.610235
"57","european_democrats",64,0.005255,20225,12342,5133,11149,20020,205,0.610235
"57","labour",44,0.003613,20225,12342,5133,11149,20020,205,0.610235
"57","free_georgia",25,0.002053,20225,12342,5133,11149,20020,205,0.610235
"57","unity_development",23,0.001889,20225,12342,5133,11149,20020,205,0.610235
"57","georgian_unity",22,0.001807,20225,12342,5133,11149,20020,205,0.610235
"57","georgia_party",17,0.001396,20225,12342,5133,11149,20020,205,0.610235
"57","tribuna",11,0.000903,20225,12342,5133,11149,20020,205,0.610235
"57","chven",8,0.000657,20225,12342,5133,11149,20020,205,0.610235
"57","left_alliance",8,0.000657,20225,12342,5133,11149,20020,205,0.610235
"57","our_georgia",6,0.000493,20225,12342,5133,11149,20020,205,0.610235
"58","gd",16431,0.576041,50165,28941,11118,24914,49206,959,0.576916
"58","unity",3825,0.134098,50165,28941,11118,24914,49206,959,0.576916
"58","coalition_for_change",2887,0.101213,50165,28941,11118,24914,49206,959,0.576916
"58","strong_georgia",2036,0.071378,50165,28941,11118,24914,49206,959,0.576916
"58","gakharia",1256,0.044033,50165,28941,11118,24914,49206,959,0.576916
"58","patriots",665,0.023314,50165,28941,11118,24914,49206,959,0.576916
"58","girchi",504,0.017669,50165,28941,11118,24914,49206,959,0.576916
"58","change_georgia",228,0.007993,50165,28941,11118,24914,49206,959,0.576916
"58","labour",178,0.00624,50165,28941,11118,24914,49206,959,0.576916
"58","european_democrats",160,0.005609,50165,28941,11118,24914,49206,959,0.576916
"58","georgian_unity",67,0.002349,50165,28941,11118,24914,49206,959,0.576916
"58","unity_development",67,0.002349,50165,28941,11118,24914,49206,959,0.576916
"58","free_georgia",63,0.002209,50165,28941,11118,24914,49206,959,0.576916
"58","georgia_party",49,0.001718,50165,28941,11118,24914,49206,959,0.576916
"58","our_georgia",38,0.001332,50165,28941,11118,24914,49206,959,0.576916
"58","tribuna",37,0.001297,50165,28941,11118,24914,49206,959,0.576916
"58","chven",19,0.000666,50165,28941,11118,24914,49206,959,0.576916
"58","left_alliance",14,0.000491,50165,28941,11118,24914,49206,959,0.576916
"59","gd",38150,0.472785,154144,81871,29123,68808,152506,1638,0.531133
"59","coalition_for_change",11465,0.142083,154144,81871,29123,68808,152506,1638,0.531133
"59","unity",8473,0.105004,154144,81871,29123,68808,152506,1638,0.531133
"59","strong_georgia",7647,0.094768,154144,81871,29123,68808,152506,1638,0.531133
"59","gakharia",6454,0.079983,154144,81871,29123,68808,152506,1638,0.531133
"59","girchi",3176,0.03936,154144,81871,29123,68808,152506,1638,0.531133
"59","patriots",2253,0.027921,154144,81871,29123,68808,152506,1638,0.531133
"59","change_georgia",881,0.010918,154144,81871,29123,68808,152506,1638,0.531133
"59","labour",850,0.010534,154144,81871,29123,68808,152506,1638,0.531133
"59","european_democrats",388,0.004808,154144,81871,29123,68808,152506,1638,0.531133
"59","free_georgia",183,0.002268,154144,81871,29123,68808,152506,1638,0.531133
"59","unity_development",175,0.002169,154144,81871,29123,68808,152506,1638,0.531133
"59","georgian_unity",170,0.002107,154144,81871,29123,68808,152506,1638,0.531133
"59","georgia_party",153,0.001896,154144,81871,29123,68808,152506,1638,0.531133
"59","our_georgia",88,0.001091,154144,81871,29123,68808,152506,1638,0.531133
"59","tribuna",71,0.00088,154144,81871,29123,68808,152506,1638,0.531133
"59","chven",70,0.000867,154144,81871,29123,68808,152506,1638,0.531133
"59","left_alliance",45,0.000558,154144,81871,29123,68808,152506,1638,0.531133
"60","gd",23362,0.647452,58829,36709,12082,30589,58288,541,0.623995
"60","unity",3292,0.091234,58829,36709,12082,30589,58288,541,0.623995
"60","strong_georgia",2532,0.070172,58829,36709,12082,30589,58288,541,0.623995
"60","coalition_for_change",2424,0.067178,58829,36709,12082,30589,58288,541,0.623995
"60","gakharia",1987,0.055067,58829,36709,12082,30589,58288,541,0.623995
"60","patriots",857,0.023751,58829,36709,12082,30589,58288,541,0.623995
"60","girchi",640,0.017737,58829,36709,12082,30589,58288,541,0.623995
"60","labour",198,0.005487,58829,36709,12082,30589,58288,541,0.623995
"60","european_democrats",174,0.004822,58829,36709,12082,30589,58288,541,0.623995
"60","change_georgia",168,0.004656,58829,36709,12082,30589,58288,541,0.623995
"60","georgian_unity",94,0.002605,58829,36709,12082,30589,58288,541,0.623995
"60","chven",82,0.002273,58829,36709,12082,30589,58288,541,0.623995
"60","free_georgia",75,0.002079,58829,36709,12082,30589,58288,541,0.623995
"60","unity_development",75,0.002079,58829,36709,12082,30589,58288,541,0.623995
"60","georgia_party",48,0.00133,58829,36709,12082,30589,58288,541,0.623995
"60","tribuna",28,0.000776,58829,36709,12082,30589,58288,541,0.623995
"60","our_georgia",26,0.000721,58829,36709,12082,30589,58288,541,0.623995
"60","left_alliance",21,0.000582,58829,36709,12082,30589,58288,541,0.623995
"61","gd",10106,0.610081,27425,16839,5810,14315,27254,171,0.614002
"61","unity",1445,0.087232,27425,16839,5810,14315,27254,171,0.614002
"61","strong_georgia",1433,0.086508,27425,16839,5810,14315,27254,171,0.614002
"61","coalition_for_change",1171,0.070691,27425,16839,5810,14315,27254,171,0.614002
"61","gakharia",1052,0.063507,27425,16839,5810,14315,27254,171,0.614002
"61","girchi",420,0.025355,27425,16839,5810,14315,27254,171,0.614002
"61","patriots",408,0.02463,27425,16839,5810,14315,27254,171,0.614002
"61","labour",113,0.006822,27425,16839,5810,14315,27254,171,0.614002
"61","european_democrats",106,0.006399,27425,16839,5810,14315,27254,171,0.614002
"61","change_georgia",93,0.005614,27425,16839,5810,14315,27254,171,0.614002
"61","unity_development",42,0.002535,27425,16839,5810,14315,27254,171,0.614002
"61","georgian_unity",38,0.002294,27425,16839,5810,14315,27254,171,0.614002
"61","chven",33,0.001992,27425,16839,5810,14315,27254,171,0.614002
"61","free_georgia",32,0.001932,27425,16839,5810,14315,27254,171,0.614002
"61","georgia_party",28,0.00169,27425,16839,5810,14315,27254,171,0.614002
"61","our_georgia",19,0.001147,27425,16839,5810,14315,27254,171,0.614002
"61","tribuna",15,0.000906,27425,16839,5810,14315,27254,171,0.614002
"61","left_alliance",11,0.000664,27425,16839,5810,14315,27254,171,0.614002
"62","gd",7821,0.67041,17544,11887,3936,10056,17366,178,0.677554
"62","strong_georgia",923,0.079119,17544,11887,3936,10056,17366,178,0.677554
"62","coalition_for_change",835,0.071576,17544,11887,3936,10056,17366,178,0.677554
"62","unity",826,0.070804,17544,11887,3936,10056,17366,178,0.677554
"62","gakharia",490,0.042002,17544,11887,3936,10056,17366,178,0.677554
"62","patriots",265,0.022716,17544,11887,3936,10056,17366,178,0.677554
"62","girchi",149,0.012772,17544,11887,3936,10056,17366,178,0.677554
"62","chven",97,0.008315,17544,11887,3936,10056,17366,178,0.677554
"62","european_democrats",64,0.005486,17544,11887,3936,10056,17366,178,0.677554
"62","labour",43,0.003686,17544,11887,3936,10056,17366,178,0.677554
"62","change_georgia",42,0.0036,17544,11887,3936,10056,17366,178,0.677554
"62","georgian_unity",29,0.002486,17544,11887,3936,10056,17366,178,0.677554
"62","unity_development",24,0.002057,17544,11887,3936,10056,17366,178,0.677554
"62","georgia_party",14,0.0012,17544,11887,3936,10056,17366,178,0.677554
"62","our_georgia",14,0.0012,17544,11887,3936,10056,17366,178,0.677554
"62","left_alliance",11,0.000943,17544,11887,3936,10056,17366,178,0.677554
"62","free_georgia",10,0.000857,17544,11887,3936,10056,17366,178,0.677554
"62","tribuna",9,0.000771,17544,11887,3936,10056,17366,178,0.677554
"63","gd",7757,0.618926,19842,12751,4531,11058,19727,115,0.642627
"63","unity",1584,0.126386,19842,12751,4531,11058,19727,115,0.642627
"63","coalition_for_change",1140,0.09096,19842,12751,4531,11058,19727,115,0.642627
"63","gakharia",757,0.060401,19842,12751,4531,11058,19727,115,0.642627
"63","strong_georgia",570,0.04548,19842,12751,4531,11058,19727,115,0.642627
"63","patriots",250,0.019947,19842,12751,4531,11058,19727,115,0.642627
"63","girchi",134,0.010692,19842,12751,4531,11058,19727,115,0.642627
"63","labour",105,0.008378,19842,12751,4531,11058,19727,115,0.642627
"63","european_democrats",69,0.005505,19842,12751,4531,11058,19727,115,0.642627
"63","change_georgia",42,0.003351,19842,12751,4531,11058,19727,115,0.642627
"63","georgian_unity",32,0.002553,19842,12751,4531,11058,19727,115,0.642627
"63","unity_development",30,0.002394,19842,12751,4531,11058,19727,115,0.642627
"63","left_alliance",15,0.001197,19842,12751,4531,11058,19727,115,0.642627
"63","georgia_party",14,0.001117,19842,12751,4531,11058,19727,115,0.642627
"63","free_georgia",12,0.000957,19842,12751,4531,11058,19727,115,0.642627
"63","tribuna",9,0.000718,19842,12751,4531,11058,19727,115,0.642627
"63","chven",8,0.000638,19842,12751,4531,11058,19727,115,0.642627
"63","our_georgia",5,0.000399,19842,12751,4531,11058,19727,115,0.642627
"64","gd",11528,0.521818,38433,22439,9128,19764,38161,272,0.583847
"64","unity",3168,0.1434,38433,22439,9128,19764,38161,272,0.583847
"64","coalition_for_change",2871,0.129957,38433,22439,9128,19764,38161,272,0.583847
"64","gakharia",2277,0.103069,38433,22439,9128,19764,38161,272,0.583847
"64","strong_georgia",1110,0.050244,38433,22439,9128,19764,38161,272,0.583847
"64","patriots",375,0.016974,38433,22439,9128,19764,38161,272,0.583847
"64","girchi",304,0.013761,38433,22439,9128,19764,38161,272,0.583847
"64","european_democrats",100,0.004527,38433,22439,9128,19764,38161,272,0.583847
"64","georgian_unity",75,0.003395,38433,22439,9128,19764,38161,272,0.583847
"64","labour",75,0.003395,38433,22439,9128,19764,38161,272,0.583847
"64","change_georgia",68,0.003078,38433,22439,9128,19764,38161,272,0.583847
"64","unity_development",42,0.001901,38433,22439,9128,19764,38161,272,0.583847
"64","free_georgia",31,0.001403,38433,22439,9128,19764,38161,272,0.583847
"64","tribuna",18,0.000815,38433,22439,9128,19764,38161,272,0.583847
"64","georgia_party",14,0.000634,38433,22439,9128,19764,38161,272,0.583847
"64","our_georgia",14,0.000634,38433,22439,9128,19764,38161,272,0.583847
"64","chven",12,0.000543,38433,22439,9128,19764,38161,272,0.583847
"64","left_alliance",10,0.000453,38433,22439,9128,19764,38161,272,0.583847
"65","gd",10842,0.554663,31005,19972,6588,16844,30822,183,0.644154
"65","coalition_for_change",2769,0.141659,31005,19972,6588,16844,30822,183,0.644154
"65","unity",2476,0.126669,31005,19972,6588,16844,30822,183,0.644154
"65","gakharia",1801,0.092137,31005,19972,6588,16844,30822,183,0.644154
"65","strong_georgia",652,0.033356,31005,19972,6588,16844,30822,183,0.644154
"65","patriots",311,0.01591,31005,19972,6588,16844,30822,183,0.644154
"65","girchi",306,0.015655,31005,19972,6588,16844,30822,183,0.644154
"65","european_democrats",133,0.006804,31005,19972,6588,16844,30822,183,0.644154
"65","georgian_unity",40,0.002046,31005,19972,6588,16844,30822,183,0.644154
"65","change_georgia",39,0.001995,31005,19972,6588,16844,30822,183,0.644154
"65","labour",36,0.001842,31005,19972,6588,16844,30822,183,0.644154
"65","unity_development",35,0.001791,31005,19972,6588,16844,30822,183,0.644154
"65","chven",21,0.001074,31005,19972,6588,16844,30822,183,0.644154
"65","tribuna",21,0.001074,31005,19972,6588,16844,30822,183,0.644154
"65","free_georgia",19,0.000972,31005,19972,6588,16844,30822,183,0.644154
"65","left_alliance",19,0.000972,31005,19972,6588,16844,30822,183,0.644154
"65","our_georgia",15,0.000767,31005,19972,6588,16844,30822,183,0.644154
"65","georgia_party",12,0.000614,31005,19972,6588,16844,30822,183,0.644154
"66","gd",9298,0.580255,26656,16314,5928,13975,26500,156,0.61202
"66","coalition_for_change",2112,0.131802,26656,16314,5928,13975,26500,156,0.61202
"66","unity",1828,0.114079,26656,16314,5928,13975,26500,156,0.61202
"66","strong_georgia",1034,0.064528,26656,16314,5928,13975,26500,156,0.61202
"66","gakharia",901,0.056228,26656,16314,5928,13975,26500,156,0.61202
"66","patriots",251,0.015664,26656,16314,5928,13975,26500,156,0.61202
"66","girchi",206,0.012856,26656,16314,5928,13975,26500,156,0.61202
"66","european_democrats",106,0.006615,26656,16314,5928,13975,26500,156,0.61202
"66","change_georgia",52,0.003245,26656,16314,5928,13975,26500,156,0.61202
"66","labour",52,0.003245,26656,16314,5928,13975,26500,156,0.61202
"66","georgian_unity",49,0.003058,26656,16314,5928,13975,26500,156,0.61202
"66","tribuna",29,0.00181,26656,16314,5928,13975,26500,156,0.61202
"66","unity_development",29,0.00181,26656,16314,5928,13975,26500,156,0.61202
"66","left_alliance",22,0.001373,26656,16314,5928,13975,26500,156,0.61202
"66","free_georgia",18,0.001123,26656,16314,5928,13975,26500,156,0.61202
"66","georgia_party",15,0.000936,26656,16314,5928,13975,26500,156,0.61202
"66","our_georgia",12,0.000749,26656,16314,5928,13975,26500,156,0.61202
"66","chven",10,0.000624,26656,16314,5928,13975,26500,156,0.61202
"67","gd",27875,0.509216,117778,55682,23495,47566,116968,810,0.472771
"67","coalition_for_change",10846,0.198133,117778,55682,23495,47566,116968,810,0.472771
"67","unity",7068,0.129117,117778,55682,23495,47566,116968,810,0.472771
"67","gakharia",3542,0.064705,117778,55682,23495,47566,116968,810,0.472771
"67","strong_georgia",2691,0.049159,117778,55682,23495,47566,116968,810,0.472771
"67","girchi",885,0.016167,117778,55682,23495,47566,116968,810,0.472771
"67","patriots",605,0.011052,117778,55682,23495,47566,116968,810,0.472771
"67","georgian_unity",346,0.006321,117778,55682,23495,47566,116968,810,0.472771
"67","european_democrats",259,0.004731,117778,55682,23495,47566,116968,810,0.472771
"67","change_georgia",143,0.002612,117778,55682,23495,47566,116968,810,0.472771
"67","labour",130,0.002375,117778,55682,23495,47566,116968,810,0.472771
"67","unity_development",86,0.001571,117778,55682,23495,47566,116968,810,0.472771
"67","tribuna",82,0.001498,117778,55682,23495,47566,116968,810,0.472771
"67","free_georgia",60,0.001096,117778,55682,23495,47566,116968,810,0.472771
"67","georgia_party",35,0.000639,117778,55682,23495,47566,116968,810,0.472771
"67","our_georgia",32,0.000585,117778,55682,23495,47566,116968,810,0.472771
"67","chven",29,0.00053,117778,55682,23495,47566,116968,810,0.472771
"67","left_alliance",27,0.000493,117778,55682,23495,47566,116968,810,0.472771
"68","gd",7205,0.480205,27748,15276,5806,12916,27547,201,0.550526
"68","unity",2640,0.175953,27748,15276,5806,12916,27547,201,0.550526
"68","gakharia",1792,0.119435,27748,15276,5806,12916,27547,201,0.550526
"68","coalition_for_change",1510,0.10064,27748,15276,5806,12916,27547,201,0.550526
"68","strong_georgia",1163,0.077513,27748,15276,5806,12916,27547,201,0.550526
"68","patriots",221,0.014729,27748,15276,5806,12916,27547,201,0.550526
"68","girchi",185,0.01233,27748,15276,5806,12916,27547,201,0.550526
"68","european_democrats",85,0.005665,27748,15276,5806,12916,27547,201,0.550526
"68","georgian_unity",50,0.003332,27748,15276,5806,12916,27547,201,0.550526
"68","labour",40,0.002666,27748,15276,5806,12916,27547,201,0.550526
"68","unity_development",28,0.001866,27748,15276,5806,12916,27547,201,0.550526
"68","change_georgia",25,0.001666,27748,15276,5806,12916,27547,201,0.550526
"68","georgia_party",17,0.001133,27748,15276,5806,12916,27547,201,0.550526
"68","free_georgia",14,0.000933,27748,15276,5806,12916,27547,201,0.550526
"68","our_georgia",11,0.000733,27748,15276,5806,12916,27547,201,0.550526
"68","left_alliance",9,6e-04,27748,15276,5806,12916,27547,201,0.550526
"68","tribuna",6,4e-04,27748,15276,5806,12916,27547,201,0.550526
"68","chven",3,2e-04,27748,15276,5806,12916,27547,201,0.550526
"69","gd",7089,0.531409,20903,13606,5064,11649,20829,74,0.650911
"69","unity",1864,0.13973,20903,13606,5064,11649,20829,74,0.650911
"69","gakharia",1695,0.127061,20903,13606,5064,11649,20829,74,0.650911
"69","coalition_for_change",1490,0.111694,20903,13606,5064,11649,20829,74,0.650911
"69","strong_georgia",626,0.046927,20903,13606,5064,11649,20829,74,0.650911
"69","patriots",181,0.013568,20903,13606,5064,11649,20829,74,0.650911
"69","girchi",147,0.011019,20903,13606,5064,11649,20829,74,0.650911
"69","european_democrats",92,0.006897,20903,13606,5064,11649,20829,74,0.650911
"69","georgian_unity",29,0.002174,20903,13606,5064,11649,20829,74,0.650911
"69","unity_development",26,0.001949,20903,13606,5064,11649,20829,74,0.650911
"69","labour",22,0.001649,20903,13606,5064,11649,20829,74,0.650911
"69","change_georgia",19,0.001424,20903,13606,5064,11649,20829,74,0.650911
"69","free_georgia",17,0.001274,20903,13606,5064,11649,20829,74,0.650911
"69","left_alliance",14,0.001049,20903,13606,5064,11649,20829,74,0.650911
"69","tribuna",10,0.00075,20903,13606,5064,11649,20829,74,0.650911
"69","georgia_party",9,0.000675,20903,13606,5064,11649,20829,74,0.650911
"69","chven",7,0.000525,20903,13606,5064,11649,20829,74,0.650911
"69","our_georgia",3,0.000225,20903,13606,5064,11649,20829,74,0.650911
"70","gd",11314,0.517022,40798,22223,8082,19161,40512,286,0.544708
"70","coalition_for_change",3266,0.149248,40798,22223,8082,19161,40512,286,0.544708
"70","unity",2155,0.098478,40798,22223,8082,19161,40512,286,0.544708
"70","gakharia",1989,0.090892,40798,22223,8082,19161,40512,286,0.544708
"70","strong_georgia",1416,0.064708,40798,22223,8082,19161,40512,286,0.544708
"70","girchi",733,0.033496,40798,22223,8082,19161,40512,286,0.544708
"70","patriots",367,0.016771,40798,22223,8082,19161,40512,286,0.544708
"70","change_georgia",138,0.006306,40798,22223,8082,19161,40512,286,0.544708
"70","labour",115,0.005255,40798,22223,8082,19161,40512,286,0.544708
"70","european_democrats",113,0.005164,40798,22223,8082,19161,40512,286,0.544708
"70","georgian_unity",61,0.002788,40798,22223,8082,19161,40512,286,0.544708
"70","free_georgia",54,0.002468,40798,22223,8082,19161,40512,286,0.544708
"70","unity_development",46,0.002102,40798,22223,8082,19161,40512,286,0.544708
"70","georgia_party",33,0.001508,40798,22223,8082,19161,40512,286,0.544708
"70","tribuna",26,0.001188,40798,22223,8082,19161,40512,286,0.544708
"70","our_georgia",20,0.000914,40798,22223,8082,19161,40512,286,0.544708
"70","chven",19,0.000868,40798,22223,8082,19161,40512,286,0.544708
"70","left_alliance",18,0.000823,40798,22223,8082,19161,40512,286,0.544708
"79","gd",45631,0.496826,155600,94701,29332,79536,154357,1243,0.608618
"79","unity",11879,0.129337,155600,94701,29332,79536,154357,1243,0.608618
"79","coalition_for_change",10680,0.116283,155600,94701,29332,79536,154357,1243,0.608618
"79","gakharia",10355,0.112744,155600,94701,29332,79536,154357,1243,0.608618
"79","strong_georgia",7011,0.076335,155600,94701,29332,79536,154357,1243,0.608618
"79","girchi",2427,0.026425,155600,94701,29332,79536,154357,1243,0.608618
"79","patriots",1218,0.013261,155600,94701,29332,79536,154357,1243,0.608618
"79","change_georgia",549,0.005977,155600,94701,29332,79536,154357,1243,0.608618
"79","european_democrats",408,0.004442,155600,94701,29332,79536,154357,1243,0.608618
"79","labour",387,0.004214,155600,94701,29332,79536,154357,1243,0.608618
"79","free_georgia",273,0.002972,155600,94701,29332,79536,154357,1243,0.608618
"79","chven",221,0.002406,155600,94701,29332,79536,154357,1243,0.608618
"79","unity_development",210,0.002286,155600,94701,29332,79536,154357,1243,0.608618
"79","georgian_unity",174,0.001894,155600,94701,29332,79536,154357,1243,0.608618
"79","our_georgia",141,0.001535,155600,94701,29332,79536,154357,1243,0.608618
"79","tribuna",125,0.001361,155600,94701,29332,79536,154357,1243,0.608618
"79","georgia_party",114,0.001241,155600,94701,29332,79536,154357,1243,0.608618
"79","left_alliance",42,0.000457,155600,94701,29332,79536,154357,1243,0.608618
"80","gd",7770,0.678543,15683,11849,3337,9728,15581,102,0.755531
"80","unity",1584,0.138329,15683,11849,3337,9728,15581,102,0.755531
"80","strong_georgia",692,0.060431,15683,11849,3337,9728,15581,102,0.755531
"80","gakharia",627,0.054755,15683,11849,3337,9728,15581,102,0.755531
"80","coalition_for_change",424,0.037027,15683,11849,3337,9728,15581,102,0.755531
"80","patriots",95,0.008296,15683,11849,3337,9728,15581,102,0.755531
"80","girchi",75,0.00655,15683,11849,3337,9728,15581,102,0.755531
"80","european_democrats",41,0.00358,15683,11849,3337,9728,15581,102,0.755531
"80","change_georgia",27,0.002358,15683,11849,3337,9728,15581,102,0.755531
"80","unity_development",20,0.001747,15683,11849,3337,9728,15581,102,0.755531
"80","labour",17,0.001485,15683,11849,3337,9728,15581,102,0.755531
"80","georgian_unity",16,0.001397,15683,11849,3337,9728,15581,102,0.755531
"80","free_georgia",15,0.00131,15683,11849,3337,9728,15581,102,0.755531
"80","georgia_party",15,0.00131,15683,11849,3337,9728,15581,102,0.755531
"80","our_georgia",12,0.001048,15683,11849,3337,9728,15581,102,0.755531
"80","tribuna",10,0.000873,15683,11849,3337,9728,15581,102,0.755531
"80","left_alliance",6,0.000524,15683,11849,3337,9728,15581,102,0.755531
"80","chven",5,0.000437,15683,11849,3337,9728,15581,102,0.755531
"81","gd",25460,0.629092,66717,41750,13746,34737,66235,482,0.625778
"81","unity",6514,0.160955,66717,41750,13746,34737,66235,482,0.625778
"81","gakharia",2347,0.057992,66717,41750,13746,34737,66235,482,0.625778
"81","coalition_for_change",2209,0.054582,66717,41750,13746,34737,66235,482,0.625778
"81","strong_georgia",1813,0.044798,66717,41750,13746,34737,66235,482,0.625778
"81","patriots",622,0.015369,66717,41750,13746,34737,66235,482,0.625778
"81","girchi",520,0.012849,66717,41750,13746,34737,66235,482,0.625778
"81","change_georgia",180,0.004448,66717,41750,13746,34737,66235,482,0.625778
"81","european_democrats",161,0.003978,66717,41750,13746,34737,66235,482,0.625778
"81","unity_development",124,0.003064,66717,41750,13746,34737,66235,482,0.625778
"81","free_georgia",108,0.002669,66717,41750,13746,34737,66235,482,0.625778
"81","labour",100,0.002471,66717,41750,13746,34737,66235,482,0.625778
"81","georgian_unity",71,0.001754,66717,41750,13746,34737,66235,482,0.625778
"81","our_georgia",71,0.001754,66717,41750,13746,34737,66235,482,0.625778
"81","tribuna",64,0.001581,66717,41750,13746,34737,66235,482,0.625778
"81","georgia_party",56,0.001384,66717,41750,13746,34737,66235,482,0.625778
"81","chven",38,0.000939,66717,41750,13746,34737,66235,482,0.625778
"81","left_alliance",13,0.000321,66717,41750,13746,34737,66235,482,0.625778
"82","gd",6003,0.629311,14634,9828,2787,8250,14454,180,0.671587
"82","unity",1425,0.149387,14634,9828,2787,8250,14454,180,0.671587
"82","coalition_for_change",683,0.071601,14634,9828,2787,8250,14454,180,0.671587
"82","strong_georgia",544,0.057029,14634,9828,2787,8250,14454,180,0.671587
"82","gakharia",543,0.056924,14634,9828,2787,8250,14454,180,0.671587
"82","girchi",68,0.007129,14634,9828,2787,8250,14454,180,0.671587
"82","patriots",68,0.007129,14634,9828,2787,8250,14454,180,0.671587
"82","european_democrats",57,0.005975,14634,9828,2787,8250,14454,180,0.671587
"82","georgian_unity",25,0.002621,14634,9828,2787,8250,14454,180,0.671587
"82","change_georgia",22,0.002306,14634,9828,2787,8250,14454,180,0.671587
"82","chven",21,0.002201,14634,9828,2787,8250,14454,180,0.671587
"82","unity_development",19,0.001992,14634,9828,2787,8250,14454,180,0.671587
"82","labour",16,0.001677,14634,9828,2787,8250,14454,180,0.671587
"82","free_georgia",13,0.001363,14634,9828,2787,8250,14454,180,0.671587
"82","our_georgia",13,0.001363,14634,9828,2787,8250,14454,180,0.671587
"82","tribuna",10,0.001048,14634,9828,2787,8250,14454,180,0.671587
"82","left_alliance",5,0.000524,14634,9828,2787,8250,14454,180,0.671587
"82","georgia_party",4,0.000419,14634,9828,2787,8250,14454,180,0.671587
"83","gd",16505,0.602438,43717,28631,9804,23983,43271,446,0.654917
"83","unity",4309,0.15728,43717,28631,9804,23983,43271,446,0.654917
"83","gakharia",2157,0.078731,43717,28631,9804,23983,43271,446,0.654917
"83","coalition_for_change",1544,0.056357,43717,28631,9804,23983,43271,446,0.654917
"83","strong_georgia",1380,0.05037,43717,28631,9804,23983,43271,446,0.654917
"83","patriots",405,0.014783,43717,28631,9804,23983,43271,446,0.654917
"83","girchi",377,0.013761,43717,28631,9804,23983,43271,446,0.654917
"83","european_democrats",120,0.00438,43717,28631,9804,23983,43271,446,0.654917
"83","change_georgia",116,0.004234,43717,28631,9804,23983,43271,446,0.654917
"83","free_georgia",80,0.00292,43717,28631,9804,23983,43271,446,0.654917
"83","unity_development",74,0.002701,43717,28631,9804,23983,43271,446,0.654917
"83","labour",68,0.002482,43717,28631,9804,23983,43271,446,0.654917
"83","chven",61,0.002227,43717,28631,9804,23983,43271,446,0.654917
"83","our_georgia",56,0.002044,43717,28631,9804,23983,43271,446,0.654917
"83","tribuna",54,0.001971,43717,28631,9804,23983,43271,446,0.654917
"83","georgia_party",41,0.001497,43717,28631,9804,23983,43271,446,0.654917
"83","georgian_unity",35,0.001278,43717,28631,9804,23983,43271,446,0.654917
"83","left_alliance",15,0.000548,43717,28631,9804,23983,43271,446,0.654917
"84","gd",9796,0.671511,23384,14927,3903,12076,23221,163,0.638342
"84","unity",2024,0.138744,23384,14927,3903,12076,23221,163,0.638342
"84","gakharia",837,0.057376,23384,14927,3903,12076,23221,163,0.638342
"84","coalition_for_change",761,0.052166,23384,14927,3903,12076,23221,163,0.638342
"84","strong_georgia",634,0.04346,23384,14927,3903,12076,23221,163,0.638342
"84","chven",183,0.012545,23384,14927,3903,12076,23221,163,0.638342
"84","girchi",87,0.005964,23384,14927,3903,12076,23221,163,0.638342
"84","patriots",56,0.003839,23384,14927,3903,12076,23221,163,0.638342
"84","european_democrats",43,0.002948,23384,14927,3903,12076,23221,163,0.638342
"84","unity_development",32,0.002194,23384,14927,3903,12076,23221,163,0.638342
"84","tribuna",25,0.001714,23384,14927,3903,12076,23221,163,0.638342
"84","change_georgia",23,0.001577,23384,14927,3903,12076,23221,163,0.638342
"84","georgian_unity",23,0.001577,23384,14927,3903,12076,23221,163,0.638342
"84","free_georgia",18,0.001234,23384,14927,3903,12076,23221,163,0.638342
"84","labour",17,0.001165,23384,14927,3903,12076,23221,163,0.638342
"84","our_georgia",15,0.001028,23384,14927,3903,12076,23221,163,0.638342
"84","georgia_party",8,0.000548,23384,14927,3903,12076,23221,163,0.638342
"84","left_alliance",6,0.000411,23384,14927,3903,12076,23221,163,0.638342
"87","coalition_for_change",11406,0.332575,95910,34574,9197,25621,0,95910,0.360484
"87","unity",6824,0.198974,95910,34574,9197,25621,0,95910,0.360484
"87","strong_georgia",5108,0.148939,95910,34574,9197,25621,0,95910,0.360484
"87","gd",4628,0.134943,95910,34574,9197,25621,0,95910,0.360484
"87","gakharia",3089,0.090069,95910,34574,9197,25621,0,95910,0.360484
"87","girchi",1390,0.04053,95910,34574,9197,25621,0,95910,0.360484
"87","patriots",584,0.017028,95910,34574,9197,25621,0,95910,0.360484
"87","labour",525,0.015308,95910,34574,9197,25621,0,95910,0.360484
"87","change_georgia",285,0.00831,95910,34574,9197,25621,0,95910,0.360484
"87","european_democrats",118,0.003441,95910,34574,9197,25621,0,95910,0.360484
"87","georgian_unity",115,0.003353,95910,34574,9197,25621,0,95910,0.360484
"87","free_georgia",58,0.001691,95910,34574,9197,25621,0,95910,0.360484
"87","unity_development",43,0.001254,95910,34574,9197,25621,0,95910,0.360484
"87","chven",40,0.001166,95910,34574,9197,25621,0,95910,0.360484
"87","georgia_party",33,0.000962,95910,34574,9197,25621,0,95910,0.360484
"87","our_georgia",26,0.000758,95910,34574,9197,25621,0,95910,0.360484
"87","left_alliance",12,0.00035,95910,34574,9197,25621,0,95910,0.360484
"87","tribuna",12,0.00035,95910,34574,9197,25621,0,95910,0.360484
"national","gd",1120053,0.539322,3629369,2111834,785741,1793851,3495789,133580,0.581874
"national","coalition_for_change",229161,0.110344,3629369,2111834,785741,1793851,3495789,133580,0.581874
"national","unity",211216,0.101704,3629369,2111834,785741,1793851,3495789,133580,0.581874
"national","strong_georgia",182922,0.08808,3629369,2111834,785741,1793851,3495789,133580,0.581874
"national","gakharia",161521,0.077775,3629369,2111834,785741,1793851,3495789,133580,0.581874
"national","girchi",62223,0.029961,3629369,2111834,785741,1793851,3495789,133580,0.581874
"national","patriots",50599,0.024364,3629369,2111834,785741,1793851,3495789,133580,0.581874
"national","labour",15103,0.007272,3629369,2111834,785741,1793851,3495789,133580,0.581874
"national","change_georgia",12528,0.006032,3629369,2111834,785741,1793851,3495789,133580,0.581874
"national","european_democrats",7955,0.00383,3629369,2111834,785741,1793851,3495789,133580,0.581874
"national","georgian_unity",4500,0.002167,3629369,2111834,785741,1793851,3495789,133580,0.581874
"national","free_georgia",4145,0.001996,3629369,2111834,785741,1793851,3495789,133580,0.581874
"national","unity_development",3892,0.001874,3629369,2111834,785741,1793851,3495789,133580,0.581874
"national","georgia_party",2780,0.001339,3629369,2111834,785741,1793851,3495789,133580,0.581874
"national","chven",2593,0.001249,3629369,2111834,785741,1793851,3495789,133580,0.581874
"national","tribuna",2483,0.001196,3629369,2111834,785741,1793851,3495789,133580,0.581874
"national","our_georgia",1845,0.000888,3629369,2111834,785741,1793851,3495789,133580,0.581874
"national","left_alliance",1260,0.000607,3629369,2111834,785741,1793851,3495789,133580,0.581874
